"Time","CAL? 72 3458A","CAL? 175 3458A"
1648077894000,0.99158988,38.4516334
1648081498000,0.99158996,38.0704804
1648085103000,0.99158994,37.9223638
1648088708000,0.99158992,37.6610417
1648092313000,0.99158997,37.4151857
1648095918000,0.99159005,37.9882046
1648099523000,0.99159,38.2765968
1648103127000,0.99159,38.2176166
1648106732000,0.99159001,37.7318572
1648110337000,0.99159011,38.1719998
1648113941000,0.99159,38.7558675
1648117543000,0.99159,38.9617561
1648121145000,0.99159,39.2636527
1648124747000,0.99159007,39.4958622
1648128352000,0.9915901,39.7350886
1648131957000,0.99159009,40.0050842
1648135562000,0.99159009,40.2491353
1648139167000,0.99159008,40.2628582
1648142772000,0.99159008,40.2372107
1648146377000,0.99159007,39.5685623
1648149982000,0.99159011,39.8046227
1648153587000,0.99159009,39.838334
1648157192000,0.99159011,undefined
1648157193000,undefined,39.7437629
1648160797000,0.99159015,undefined
1648160798000,undefined,39.3979768
1648164402000,0.99159016,undefined
1648164403000,undefined,39.1007572
1648168007000,0.99159019,undefined
1648168008000,undefined,38.6025569
1648171612000,0.99159011,undefined
1648171613000,undefined,38.5220843
1648175218000,0.99159023,38.847591
1648178823000,0.99159023,38.8609404
1648182428000,0.99159027,38.8403472
1648186033000,0.99159022,38.7347688
1648189638000,0.99159025,38.6896648
1648193243000,0.99159031,38.5753361
1648196848000,0.99159025,38.6375545
1648200453000,0.99159031,38.9727876
1648204058000,0.99159034,39.2880311
1648207663000,0.99159037,39.6062839
1648211268000,0.99159029,39.766172
1648214873000,0.99159026,39.9424933
1648218478000,0.99159031,40.2579612
1648222083000,0.99159027,39.6448185
1648225688000,0.99159025,39.5166115
1648229293000,0.99159022,39.8705456
1648232898000,0.99159032,39.9578741
1648236504000,0.99159038,39.4883343
1648240109000,0.99159031,39.4319167
1648243715000,0.99159035,39.5373537
1648247320000,0.99159034,39.4500902
1648250925000,0.99159045,39.3145078
1648254530000,0.99159032,38.9952593
1648258135000,0.99159036,undefined
1648258136000,undefined,38.6733061
1648261740000,0.99159033,undefined
1648261741000,undefined,38.384152
1648265345000,0.99159043,undefined
1648265346000,undefined,38.1228443
1648268950000,0.99159038,undefined
1648268951000,undefined,37.914162
1648272555000,0.99159038,undefined
1648272556000,undefined,37.7223007
1648276160000,0.99159038,undefined
1648276161000,undefined,37.5968081
1648279766000,0.99159045,38.0338433
1648283371000,0.99159048,38.7368831
1648286976000,0.9915905,39.0428463
1648290581000,0.99159041,39.3647322
1648294186000,0.99159042,39.6916589
1648297791000,0.99159046,undefined
1648297792000,undefined,39.9708615
1648301397000,0.99159045,40.1535881
1648305002000,0.99159041,40.1093942
1648308607000,0.99159044,39.8358587
1648312212000,0.99159043,38.9747489
1648315817000,0.99159046,39.4157892
1648319422000,0.99159047,39.8017002
1648323027000,0.99159044,39.6596128
1648326633000,0.99159044,39.2678208
1648330238000,0.99159042,39.2790527
1648333843000,0.99159044,39.2026561
1648337448000,0.99159044,39.0433733
1648341053000,0.99159053,38.9362855
1648344658000,0.99159049,38.7067923
1648348263000,0.99159049,38.4586009
1648351868000,0.9915905,38.2167352
1648355473000,0.99159048,38.0134941
1648359078000,0.99159059,37.807757
1648362683000,0.99159055,undefined
1648362684000,undefined,37.6281059
1648366288000,0.99159062,undefined
1648366289000,undefined,38.0618307
1648369893000,0.99159058,undefined
1648369894000,undefined,38.5098802
1648373499000,0.99159057,undefined
1648373500000,undefined,38.7508391
1648377104000,0.99159062,undefined
1648377105000,undefined,38.9890117
1648380710000,0.99159068,39.1964087
1648384315000,0.99159061,39.3312503
1648387920000,0.99159069,39.5046433
1648391525000,0.99159064,39.3614265
1648395130000,0.99159063,39.0196264
1648398735000,0.99159065,39.0476839
1648402340000,0.99159068,38.939918
1648405945000,0.9915906,39.0200055
1648409550000,0.99159066,39.5034291
1648413155000,0.99159064,39.4741677
1648416760000,0.99159054,39.3568143
1648420365000,0.99159069,39.2570481
1648423970000,0.99159056,38.9816899
1648427575000,0.99159061,38.77414
1648431180000,0.99159063,38.5737685
1648434785000,0.99159061,38.2693791
1648438390000,0.99159065,37.9656072
1648441995000,0.99159065,37.7578345
1648445600000,0.99159061,37.8482537
1648455125000,0.99159064,38.1828813
1648458731000,0.9915907,38.5166047
1648462336000,0.99159067,38.602573
1648465941000,0.99159081,38.8134485
1648469546000,0.9915907,39.0194865
1648473151000,0.99159069,39.3169231
1648476756000,0.99159067,38.691185
1648480361000,0.99159072,39.028228
1648512254000,0.99159067,38.8530344
1648515859000,0.99159076,38.5306318
1648519464000,0.9915908,38.1729318
1648523069000,0.99159068,37.8883049
1648526674000,0.99159074,37.7010455
1648530279000,0.9915907,37.4667227
1648533884000,0.9915908,undefined
1648533885000,undefined,37.5694467
1648677810000,0.99159096,39.0738637
1648681415000,0.9915909,38.7776282
1648685020000,0.99159094,38.9068149
1648688626000,0.99159092,38.6107273
1648692232000,0.99159092,38.2149423
1648695838000,0.99159093,37.8552808
1648699444000,0.9915909,37.6442618
1648703050000,0.9915909,37.4840809
1648706656000,0.99159094,37.8264698
1648710262000,0.99159091,38.2361381
1648713868000,0.991591,undefined
1648713869000,undefined,38.3701506
1648733007000,0.99159104,39.4162655
1648763560000,0.99159109,39.4274281
1648767166000,0.99159108,39.1639191
1648770772000,0.9915911,39.3545037
1648774377000,0.99159112,39.3044224
1648777982000,0.99159113,39.2060086
1648781588000,0.99159111,39.0508703
1648785195000,0.99159113,38.9188897
1648788800000,0.99159109,undefined
1648788801000,undefined,38.8112725
1648792405000,0.99159108,undefined
1648792406000,undefined,38.6540241
1648796011000,0.99159102,undefined
1648796012000,undefined,38.6246948
1648799617000,0.99159108,undefined
1648799618000,undefined,38.8491295
1648811315000,0.99159101,38.7623941
1648814921000,0.9915911,38.8819435
1648818527000,0.99159114,39.0314924
1648822132000,0.99159113,38.378453
1648825737000,0.99159108,38.3810207
1648829343000,0.99159108,38.457714
1648832949000,0.99159104,undefined
1648832950000,undefined,38.5366063
1648836554000,0.99159119,undefined
1648836555000,undefined,38.7596177
1648840159000,0.99159112,undefined
1648840160000,undefined,38.6353219
1648843766000,0.99159118,undefined
1648843767000,undefined,38.8708554
1648847372000,0.99159113,38.927112
1648850978000,0.99159118,38.6646644
1648857298000,0.99159117,38.6170007
1648860904000,0.99159116,38.5708448
1648864509000,0.99159117,38.3954987
1648868114000,0.9915912,38.2427795
1648871719000,0.99159118,38.1489618
1648875326000,0.99159124,undefined
1648875327000,undefined,38.0340251
1648878932000,0.99159126,undefined
1648878933000,undefined,37.9414233
1648882537000,0.99159124,undefined
1648882538000,undefined,37.815394
1648941326000,0.99159123,undefined
1648941327000,undefined,37.9555988
1648944932000,0.99159128,37.9465451
1648948538000,0.9915913,38.1000222
1648952143000,0.99159138,37.9741477
1648955748000,0.99159132,37.8620819
1648959354000,0.99159131,37.7748218
1648962960000,0.99159131,37.7160001
1648966565000,0.99159138,37.6518981
1649027675000,0.99159143,39.0483166
1649031281000,0.99159147,39.164085
1649034887000,0.9915914,39.0747888
1649038492000,0.99159139,38.9514841
1649042097000,0.99159137,38.8690494
1649045702000,0.99159138,38.7614348
1649049307000,0.99159133,38.7582637
1649052912000,0.99159137,38.6030514
1649056517000,0.99159134,undefined
1649056518000,undefined,38.2421869
1649060122000,0.99159143,undefined
1649060123000,undefined,38.5241751
1649063727000,0.99159137,undefined
1649063728000,undefined,38.5776372
1649067332000,0.99159137,undefined
1649067333000,undefined,38.683375
1649070938000,0.99159141,undefined
1649070939000,undefined,38.9559332
1649074544000,0.99159148,38.9486237
1649078149000,0.99159143,39.2471966
1649081754000,0.99159145,39.4005168
1649085359000,0.99159145,39.5191512
1649113749000,0.99159156,undefined
1649113750000,undefined,39.1781156
1649117354000,0.99159156,undefined
1649117355000,undefined,38.8069177
1649120961000,0.99159156,undefined
1649120962000,undefined,38.4713134
1649124566000,0.99159159,undefined
1649124567000,undefined,38.1636092
1649128172000,0.99159179,37.9658786
1649131778000,0.99159173,37.7492738
1649135383000,0.99159169,37.566234
1649201556000,0.99159182,undefined
1649201557000,undefined,39.6687162
1649205162000,0.99159186,undefined
1649205163000,undefined,39.3426114
1649208768000,0.99159185,undefined
1649208769000,undefined,39.0864963
1649212374000,0.9915918,38.8582795
1649215979000,0.99159186,38.629694
1649219584000,0.99159182,38.455486
1649223191000,0.99159187,38.3539757
1649226796000,0.99159191,38.6519455
1649230401000,0.99159189,39.094865
1649289677000,0.99159192,39.6532619
1649293283000,0.99159184,39.4538481
1649296889000,0.99159177,39.2038441
1649300494000,0.99159184,38.991465
1649304099000,0.99159188,38.8662849
1649307704000,0.99159188,undefined
1649307705000,undefined,38.7521741
1649364854000,0.99159222,39.9455175
1649368460000,0.99159238,39.9027541
1649372065000,0.99159237,39.4505526
1649375670000,0.99159234,39.0814701
1649379275000,0.99159237,38.7515898
1649382880000,0.9915924,38.4173397
1649386486000,0.99159235,38.15346
1649390092000,0.99159228,37.925923
1649393697000,0.99159242,37.6947755
1649397302000,0.99159239,37.7398735
1649491971000,0.99159235,39.0927039
1649495577000,0.99159245,39.6234945
1649499180000,0.99159242,39.9333085
1649502780000,0.99159243,40.160991
1649506380000,0.99159244,40.3797015
1649509987000,0.99159242,40.2972631
1649513590000,0.9915925,40.1898712
1649517190000,0.99159239,39.1629862
1649520790000,0.99159245,39.5553199
1649524397000,0.99159254,39.8541179
1649528000000,0.99159248,39.9467312
1649531600000,0.99159244,39.792957
1649535200000,0.99159247,39.7040356
1649538807000,0.99159246,39.6662577
1649542409000,0.99159245,39.6573545
1649546010000,0.99159245,39.4637557
1649549610000,0.99159254,39.3615678
1649553217000,0.99159245,39.256514
1649556819000,0.99159249,39.1511593
1649560420000,0.99159254,39.0775494
1649564020000,0.99159254,38.9848636
1649567628000,0.99159249,38.9076285
1649571230000,0.99159254,38.8298752
1649574830000,0.99159259,38.2414023
1649579945000,0.99159265,39.0449756
1649583551000,0.99159262,39.3961133
1649587154000,0.99159264,39.6149772
1649590754000,0.99159257,39.6713865
1649594354000,0.99159258,39.6490628
1649597961000,0.99159261,39.8646055
1649601564000,0.99159263,39.9161963
1649605164000,0.99159261,39.9749385
1649608764000,0.99159266,39.9047998
1649612371000,0.99159264,39.6352685
1649615974000,0.99159265,39.6275011
1649619574000,0.99159263,39.6093211
1649623174000,0.99159267,39.7384304
1649626781000,0.9915926,39.844994
1649630383000,0.99159263,39.8265204
1649633984000,0.99159269,39.4305062
1649637584000,0.99159263,39.585637
1649641191000,0.99159263,39.6175449
1649644793000,0.99159257,39.5920454
1649648394000,0.99159264,39.5664102
1649651994000,0.99159254,39.3362319
1649655601000,0.99159262,39.107718
1649659203000,0.99159265,39.0127717
1649662803000,0.99159263,39.3381212
1649666403000,0.99159279,39.4369182
1649671952000,0.99159275,39.6885846
1649675558000,0.99159276,39.9695187
1649679161000,0.99159268,39.9272778
1649682761000,0.99159272,40.0168023
1649686361000,0.99159277,40.1640198
1649689968000,0.99159274,40.2225437
1649693571000,0.9915927,40.2341575
1649697171000,0.99159277,40.2064821
1649700771000,0.99159273,39.964689
1649704378000,0.99159269,39.3339744
1649707981000,0.99159278,39.8441006
1649711581000,0.99159276,40.1923774
1649715181000,0.99159276,39.9204231
1649718788000,0.99159275,39.6126391
1649722390000,0.9915927,39.2556146
1649725991000,0.99159271,38.9286874
1649729591000,0.99159279,38.6578599
1649733198000,0.99159275,38.5134329
1649736800000,0.99159273,38.6513758
1649740401000,0.99159282,38.7074161
1649744001000,0.99159282,38.8540284
1649747608000,0.9915928,39.0605898
1649751210000,0.99159283,39.383604
1649758638000,0.99159277,39.7295353
1649762244000,0.99159276,39.9744896
1649765847000,0.99159278,40.0269114
1649769447000,0.99159279,40.1772173
1649773047000,0.99159278,40.255798
1649776654000,0.99159274,40.2294042
1649780257000,0.99159279,40.2155321
1649783857000,0.99159281,40.1885271
1649787457000,0.99159288,39.9699768
1649791064000,0.99159279,39.5044223
1649794667000,0.99159283,39.575691
1649798267000,0.99159287,39.5133271
1649801867000,0.99159281,39.4382088
1649805474000,0.99159283,39.4269753
1649809076000,0.99159284,39.2949159
1649812677000,0.99159284,39.0829939
1649816277000,0.99159285,38.8842741
1649819884000,0.99159283,38.7087686
1649823486000,0.9915929,38.5160856
1649827087000,0.99159288,38.3165324
1649830687000,0.99159293,38.5638989
1649834294000,0.991593,38.8725089
1649837896000,0.99159291,38.9252243
1649841496000,0.99159304,39.0049416
1649845096000,0.99159303,39.198681
1649850074000,0.99159303,39.6379995
1649853680000,0.99159308,40.0914846
1649857283000,0.99159347,40.462022
1649860883000,0.99159351,40.6976281
1649876939000,0.99159342,40.8225136
1649888596000,0.99159351,40.7652794
1649892202000,0.9915935,40.8166318
1649895805000,0.9915935,40.6968649
1649899405000,0.9915935,40.5716031
1649903005000,0.99159344,40.4704703
1649906612000,0.9915935,40.3390939
1649910215000,0.99159344,40.1893838
1649913815000,0.99159347,40.076341
1649917415000,0.99159344,39.6727017
1649921022000,0.99159351,39.7636572
1649924625000,0.99159352,39.8255756
1649928225000,0.99159349,40.0043945
1649931825000,0.99159361,40.0142012
1649935432000,0.99159356,39.923624
1649939034000,0.99159361,39.9858444
1649942635000,0.99159354,40.2194877
1649946235000,0.99159363,40.516852
1649949842000,0.99159357,40.4753768
1649953444000,0.99159353,40.5287622
1649957045000,0.99159358,40.5344265
1649960645000,0.99159364,undefined
1649960646000,undefined,40.6956715
1649964253000,0.99159356,40.527191
1649967855000,0.99159366,40.0427782
1649971455000,0.99159358,40.0420998
1649976795000,0.99159361,39.9209105
1649980401000,0.99159366,undefined
1649980402000,undefined,39.7376436
1649984004000,0.99159371,undefined
1649984005000,undefined,39.5152441
1649987605000,0.99159368,39.3521877
1649991205000,0.99159369,39.1777509
1649994812000,0.99159367,38.9861874
1649998415000,0.99159371,38.7993799
1650020678000,0.99159381,39.7089874
1650024279000,0.99159378,39.6764114
1650063768000,0.99159363,39.1642508
1650067369000,0.99159366,38.9290958
1650070969000,0.99159367,38.6664241
1650074584000,0.99159372,38.3850435
1650078178000,0.99159362,38.1185863
1650081778000,0.99159362,37.8529667
1650085379000,0.99159367,37.7369811
1650088994000,0.99159368,37.7804976
1650092588000,0.9915937,38.1135404
1650096188000,0.99159374,38.5144564
1650099789000,0.99159371,38.7557123
1650547768000,0.99159388,39.3638818
1650607203000,0.99159396,38.1607554
1650610809000,0.99159404,38.6107004
1650614412000,0.99159407,39.0734596
1650618012000,0.99159415,39.2933814
1650621612000,0.99159404,39.6151877
1650625219000,0.99159411,39.7656451
1650628822000,0.99159406,39.7096022
1650632422000,0.99159414,39.7591614
1650636022000,0.99159415,39.4511591
1650639629000,0.99159415,39.3405165
1650643232000,0.9915942,39.4279217
1650646832000,0.99159427,39.6610454
1650650432000,0.99159419,39.7388014
1650820237000,0.99159405,39.7836699
1650823843000,0.99159403,39.6819294
1650925681000,0.99159401,39.2279848
1650929287000,0.991594,39.1094285
1650932890000,0.99159397,39.0843917
1650936490000,0.99159406,38.9784423
1650940090000,0.99159398,38.8063305
1650943697000,0.99159407,38.5697485
1650947300000,0.991594,38.297113
1650950900000,0.99159405,38.2479473
1650954500000,0.99159405,38.7303113
1650958107000,0.99159409,39.2021987
1650961710000,0.99159416,39.5458009
1650965310000,0.99159409,undefined
1650965311000,undefined,39.6914314
1650968910000,0.99159405,undefined
1650968911000,undefined,39.893845
1650972518000,0.99159416,40.0350344
1650976120000,0.99159413,40.0176115
1650979720000,0.99159419,40.1775786
1650983321000,0.99159428,40.3227541
1650986928000,0.9915942,40.3608394
1650990530000,0.99159419,40.289194
1650994131000,0.99159426,40.1548019
1650997731000,0.99159423,40.2312695
1651001338000,0.99159414,40.066111
1651004940000,0.99159414,40.1209382
1651008540000,0.99159405,39.9715298
1651012140000,0.9915942,39.7341978
1651015740000,0.99159422,39.4688057
1651019340000,0.9915942,39.2012222
1651022940000,0.9915942,38.9628241
1651026540000,0.99159418,38.7429889
1651030140000,0.99159415,38.4866452
1651033740000,0.99159414,38.2448517
1651041167000,0.99159411,38.8626716
1651044773000,0.99159421,39.5361508
1651048376000,0.99159418,39.8033554
1651051976000,0.99159417,39.8922697
1651055576000,0.99159414,39.9457384
1651059183000,0.9915942,undefined
1651059184000,undefined,39.8880468
1651062786000,0.99159421,undefined
1651062787000,undefined,39.8823912
1651066387000,0.9915942,39.9681449
1651069987000,0.99159418,40.1647562
1651073594000,0.99159423,40.2207868
1651077196000,0.99159428,40.4771393
1651080796000,0.99159428,40.6846823
1651084397000,0.99159422,40.7374052
1651088004000,0.99159427,40.5245755
1651091606000,0.99159425,40.3040505
1651095206000,0.99159423,40.0783986
1651098807000,0.99159426,39.9436274
1651102414000,0.99159423,39.7298983
1651106016000,0.9915943,39.5058345
1651109616000,0.99159426,39.2930063
1651113217000,0.99159419,38.9686311
1651116824000,0.99159428,38.6374025
1651120426000,0.99159427,38.3192961
1651124026000,0.99159425,38.1882953
1651127626000,0.99159436,38.242076
1651134330000,0.9915944,39.4990612
1651142201000,0.99159438,40.0825559
1651147115000,0.99159438,39.914678
1651150979000,0.99159441,39.8487682
1651270422000,0.99159456,40.4123608
1651274028000,0.99159453,40.266734
1651277626000,0.99159448,40.0694431
1651281241000,0.99159448,39.8511102
1651284839000,0.9915945,39.6281761
1651288454000,0.99159452,39.4277167
1651292060000,0.99159442,39.2416535
1651295658000,0.99159446,39.0322961
1651299273000,0.99159447,38.8705297
1651302879000,0.99159447,39.371755
1651306477000,0.99159442,39.6839792
1651310093000,0.99159452,39.6839867
1651313691000,0.99159448,39.6894861
1651317306000,0.99159451,39.8007256
1651320912000,0.99159448,39.8839134
1651324510000,0.99159454,40.0553388
1651328125000,0.99159456,40.2143189
1651331731000,0.99159448,40.4605526
1651335329000,0.9915945,40.5809194
1651338944000,0.99159454,40.5732316
1651360479000,0.99159452,39.7763718
1651364085000,0.99159453,39.6204119
1651367692000,0.99159452,39.4421974
1651371298000,0.99159456,39.2722109
1651374896000,0.99159452,39.1045535
1651378511000,0.99159453,38.962991
1651382117000,0.99159458,38.8579358
1651385715000,0.9915946,38.8669103
1651389330000,0.99159462,undefined
1651389331000,undefined,38.8782311
1651392937000,0.99159469,39.1621042
1651396535000,0.99159466,39.3146
1651400150000,0.99159462,39.4307323
1651403748000,0.99159458,39.6438614
1651407363000,0.99159467,39.8817337
1651410969000,0.99159468,40.2310643
1651414567000,0.99159465,40.4752662
1651418182000,0.99159463,40.5175776
1651421788000,0.99159467,40.508521
1651425386000,0.99159462,40.5281354
1651429001000,0.99159466,40.5220238
1651432599000,0.99159465,40.4254159
1651436214000,0.99159459,40.2200458
1651439820000,0.99159465,40.1275197
1651443286000,0.99159458,40.0131024
1651446886000,0.9915946,39.9892712
1651450486000,0.99159454,39.8346671
1651454086000,0.99159443,undefined
1651454087000,undefined,39.6245508
1651457686000,0.99159454,undefined
1651457687000,undefined,39.3842709
1651461286000,0.99159446,undefined
1651461287000,undefined,39.1306451
1651464886000,0.9915945,undefined
1651464887000,undefined,38.8597482
1651468486000,0.9915946,undefined
1651468487000,undefined,38.6064965
1651472086000,0.99159457,undefined
1651472087000,undefined,38.9150232
1651476839000,0.99159472,39.4507229
1651480445000,0.99159464,39.6306699
1651484043000,0.99159465,39.8599394
1651487658000,0.9915947,40.1282732
1651491256000,0.99159469,40.4648617
1651494871000,0.99159469,40.740058
1651498477000,0.99159469,40.9964057
1651502075000,0.99159473,41.1277005
1651505690000,0.99159467,41.2452029
1651509296000,0.99159474,41.4084801
1651512894000,0.99159468,41.491216
1651516509000,0.99159473,41.4300535
1651520107000,0.99159472,41.1010047
1651523722000,0.99159477,undefined
1651523723000,undefined,40.9976111
1651527328000,0.99159468,undefined
1651527329000,undefined,40.8991871
1651530927000,0.99159469,40.9229427
1651534542000,0.99159473,40.8718872
1651538148000,0.99159472,40.6468419
1651541755000,0.99159473,40.4264002
1651545361000,0.99159469,40.2401922
1651548959000,0.99159471,40.1120595
1651552574000,0.99159476,39.9547411
1651556180000,0.99159473,39.8730676
1651559646000,0.9915947,40.2162076
1651563246000,0.99159466,40.6006839
1651566846000,0.99159464,40.7134355
1651570446000,0.99159465,40.7788228
1651577828000,0.99159476,41.0128487
1651581434000,0.99159482,41.2524434
1651585041000,0.99159478,41.2450602
1651588647000,0.99159481,41.444837
1651592245000,0.9915948,41.6573618
1651595860000,0.99159482,undefined
1651595861000,undefined,41.7214683
1651599467000,0.99159479,41.7032942
1651603065000,0.99159478,41.4676093
1651606680000,0.99159477,40.6702962
1651610286000,0.99159481,40.7273153
1651613893000,0.99159484,40.6071003
1651617499000,0.99159477,40.3718763
1651621097000,0.99159477,40.1737485
1651624712000,0.99159471,40.0537674
1651628318000,0.99159474,39.902627
1651631916000,0.99159476,39.6691382
1651635531000,0.99159474,39.4099973
1651639137000,0.99159469,39.1749257
1651642735000,0.99159482,39.1252264
1651646350000,0.99159481,39.5868515
1651649948000,0.99159477,40.0091135
1651653563000,0.99159479,40.3165992
1651657169000,0.99159481,40.4480456
1651660636000,0.99159481,40.5511406
1651664236000,0.99159471,40.6882414
1651667836000,0.99159475,40.9757369
1651671436000,0.99159479,41.1175307
1651675036000,0.99159468,40.9221878
1651678636000,0.99159474,41.1753661
1651682236000,0.99159475,41.3486733
1651685836000,0.99159476,41.1368267
1651689436000,0.99159475,40.8605726
1651693036000,0.99159477,40.8650304
1651696636000,0.99159471,41.1961053
1651700236000,0.9915948,41.2650371
1651707980000,0.99159484,40.9163866
1651711586000,0.99159483,40.7227898
1651715184000,0.9915948,40.4801731
1651718799000,0.99159485,40.2237598
1651722397000,0.99159479,39.9416898
1651726012000,0.99159477,39.7060849
1651729618000,0.99159484,39.6477894
1651733216000,0.99159485,39.742215
1651736831000,0.99159483,40.3060335
1651740437000,0.9915949,40.6700069
1651744035000,0.99159485,40.7637435
1651747650000,0.99159492,undefined
1651747651000,undefined,40.8662428
1651751248000,0.99159496,41.0524415
1651754864000,0.99159487,41.3239465
1651758470000,0.9915949,41.2472481
1651762068000,0.99159478,41.145653
1651765683000,0.99159482,41.032602
1651769289000,0.99159483,41.0712211
1651772887000,0.99159484,41.4339035
1651789603000,0.99159242,35.4471952
1651793209000,0.99159243,35.084658
1651796816000,0.99159247,34.8873718
1651800422000,0.99159247,34.6694241
1651804020000,0.99159253,34.4562893
1651807635000,0.99159248,undefined
1651807636000,undefined,34.2278485
1651811242000,0.9915925,34.0660087
1651814840000,0.99159246,34.0872712
1651818455000,0.99159256,34.556516
1651822053000,0.99159257,34.9469574
1651825668000,0.99159251,35.0265965
1651829274000,0.99159253,35.1355779
1651832872000,0.9915925,35.5528554
1651836487000,0.99159261,35.7057289
1651840093000,0.99159267,35.9580801
1651843691000,0.99159264,36.1054452
1651847306000,0.99159266,36.2893825
1651850912000,0.99159264,36.4129929
1651854519000,0.99159264,36.4394621
1651858125000,0.99159267,36.3968498
1651861723000,0.99159273,36.4369025
1651865338000,0.99159262,36.4572553
1651868944000,0.99159268,36.5518387
1651873797000,0.99159278,36.5063598
1651877403000,0.99159268,36.3031876
1651881001000,0.99159273,undefined
1651881002000,undefined,36.0996404
1651884617000,0.99159266,35.9058148
1651888215000,0.99159272,35.706644
1651891830000,0.99159274,35.5351406
1651895436000,0.99159274,35.375704
1651899034000,0.99159274,35.2257008
1651902649000,0.99159272,35.0422904
1651906255000,0.9915927,35.0588834
1651909853000,0.99159273,35.3058739
1651913468000,0.99159271,35.491552
1651917066000,0.9915927,35.2158229
1651920681000,0.99159278,35.4886839
1651924287000,0.99159281,35.9705277
1651927885000,0.99159285,36.5145065
1651931500000,0.99159284,36.77621
1651935106000,0.99159277,36.7188128
1651938704000,0.99159282,36.4304185
1651942319000,0.99159271,36.1404409
1651945917000,0.99159283,35.9681162
1651949532000,0.99159291,35.7975199
1651953138000,0.99159289,36.2116346
1651956605000,0.99159282,36.3262645
1651960205000,0.99159277,36.2869689
1651963805000,0.99159278,36.1608757
1651967405000,0.99159282,35.8348504
1651971005000,0.99159287,35.6191575
1651974605000,0.99159274,35.4134192
1651978205000,0.99159277,35.2568468
1651981805000,0.99159272,35.1101609
1651988611000,0.99159279,34.3170812
1651992217000,0.99159285,34.6922859
1651995815000,0.99159287,35.5306929
1651999430000,0.99159281,undefined
1651999431000,undefined,35.2369452
1652003028000,0.99159285,undefined
1652003029000,undefined,35.0192939
1652006644000,0.99159286,35.0512689
1652010250000,0.99159282,35.2361148
1652013848000,0.99159281,35.4443388
1652017463000,0.99159285,35.7021955
1652021069000,0.9915929,35.9334226
1652024667000,0.99159291,36.004011
1652028282000,0.99159299,36.124084
1652031880000,0.9915929,36.4182069
1652035495000,0.99159292,36.6501923
1652039101000,0.99159287,36.3081667
1652042699000,0.99159292,36.2817779
1652046314000,0.99159288,36.2372827
1652049920000,0.9915928,35.9534056
1652053518000,0.9915928,35.6461529
1652057133000,0.99159288,35.336195
1652060731000,0.99159283,35.1108511
1652064346000,0.99159282,34.8836857
1652067952000,0.99159284,34.6667934
1652071419000,0.99159281,34.3922745
1652076815000,0.99159293,34.3126395
1652080421000,0.99159296,35.0920725
1652084019000,0.99159294,35.4339409
1652087634000,0.99159303,35.6831991
1652091232000,0.99159307,35.9893147
1652094847000,0.99159301,36.2925633
1652098453000,0.99159302,36.5578896
1652102051000,0.99159305,undefined
1652102052000,undefined,36.8850418
1652105667000,0.99159319,37.2314429
1652109273000,0.99159316,37.4042932
1652112871000,0.99159312,37.3733685
1652116486000,0.99159319,37.3380816
1652120084000,0.99159314,37.2676363
1652123699000,0.99159314,37.0016445
1652127305000,0.99159313,36.9864016
1652130903000,0.99159319,36.9708732
1652134518000,0.99159315,36.8702661
1652138124000,0.99159323,36.94471
1652141722000,0.99159317,36.8675532
1652145337000,0.99159315,36.6790038
1652148935000,0.99159314,36.4532072
1652152550000,0.99159314,36.2430936
1652156156000,0.99159312,36.0580998
1652159623000,0.99159301,35.4684846
1652163757000,0.99159304,35.2102563
1652167363000,0.99159322,35.2416371
1652170961000,0.99159325,35.6304859
1652174576000,0.99159323,36.1842785
1652178174000,0.9915933,36.7047355
1652181790000,0.99159338,37.4208185
1652185396000,0.99159339,37.8592948
1652188994000,0.99159335,38.2037979
1652192609000,0.99159347,38.3835919
1652196215000,0.99159346,38.5405406
1652199813000,0.99159334,38.5314094
1652203428000,0.99159338,38.6384299
1652207026000,0.99159341,38.6747807
1652210641000,0.99159346,38.565125
1652220685000,0.99159343,38.3435482
1652224291000,0.99159344,38.0945993
1652227898000,0.99159341,37.8396846
1652231504000,0.99159342,37.58319
1652235102000,0.99159341,37.5212762
1652238717000,0.99159336,37.3832637
1652242323000,0.99159334,37.2059522
1652245921000,0.99159337,36.7411574
1652249536000,0.99159334,36.2538129
1652253134000,0.99159338,36.2050221
1652256749000,0.99159344,36.3337563
1652312527000,0.99159346,39.0420627
1652316133000,0.99159344,39.097497
1652319731000,0.99159344,38.9977925
1652323346000,0.99159346,38.9507304
1652326944000,0.99159344,38.7520079
1652330559000,0.99159339,38.4329189
1652334165000,0.99159331,37.1842383
1652337763000,0.99159332,36.5827781
1652341378000,0.99159336,36.5284864
1652344984000,0.99159331,36.6314237
1652348582000,0.99159338,36.793729
1652352197000,0.99159331,36.901942
1652355795000,0.9915934,37.1512045
1652359410000,0.9915934,37.4849262
1652363016000,0.99159338,37.7981282
1652366614000,0.99159346,37.8872035
1652370229000,0.99159344,37.9053025
1652373835000,0.99159348,37.9074943
1652377442000,0.99159347,37.8573395
1652384717000,0.9915934,37.6141114
1652388323000,0.99159341,37.5027231
1652391921000,0.99159341,37.4991782
1652395536000,0.99159333,36.561584
1652399134000,0.99159326,35.8415034
1652402749000,0.99159332,35.1708221
1652406355000,0.99159315,34.5355031
1652409953000,0.99159325,34.1125673
1652413568000,0.99159318,33.6514668
1652417174000,0.99159318,33.447006
1652422725000,0.99159333,34.0703361
1652426331000,0.99159334,undefined
1652426332000,undefined,34.934094
1652434241000,0.99159342,36.3186017
1652441113000,0.99159343,37.0929075
1652444719000,0.99159346,37.232126
1652448317000,0.99159348,37.4888476
1652451932000,0.99159354,37.5229407
1652455530000,0.99159354,37.6365903
1652786189000,0.99159414,39.133123
1652789795000,0.99159417,39.4147349
1652793402000,0.99159416,39.7944593
1652797008000,0.99159406,40.0160289
1652800606000,0.99159419,40.2308266
1652804221000,0.99159424,40.4436516
1652807827000,0.99159421,40.6160498
1652811425000,0.9915942,40.5040639
1652815040000,0.99159412,40.245373
1652818646000,0.99159417,40.1860933
1652822253000,0.99159411,40.1859496
1652825859000,0.99159408,39.824243
1652829457000,0.99159409,39.4945937
1652833072000,0.9915941,39.1751288
1652836678000,0.99159404,38.8678744
1652840276000,0.99159408,38.6000694
1652843891000,0.99159408,38.4024002
1652847497000,0.99159415,38.2305332
1652851095000,0.99159425,38.2683162
1652854710000,0.99159416,undefined
1652854711000,undefined,38.2997585
1652858309000,0.99159414,38.3478027
1652861924000,0.99159414,38.5783525
1652865530000,0.99159425,38.9812364
1652869004000,0.99159425,39.6123266
1652874210000,0.99159428,40.2750979
1652877816000,0.99159425,40.7678725
1652881414000,0.99159432,41.1911885
1652885029000,0.99159431,41.3419457
1652888627000,0.9915943,41.5184216
1652892242000,0.99159433,41.7301224
1652895840000,0.99159427,41.8997253
1652899455000,0.99159428,41.834576
1653040257000,0.9915943,38.5792661
1653046543000,0.9915944,39.730513
1653050143000,0.99159432,40.2600944
1653053744000,0.99159434,40.3749565
1653057344000,0.99159552,38.8330072
1653060945000,0.99159572,36.3364777
1653064545000,0.99159573,35.8151224
1653072119000,0.99159557,35.2352344
1653075719000,0.99159559,32.6159882
1653078553000,0.99159545,32.9522697
1653079457000,0.99159545,33.4766497
1653083352000,0.99159554,34.4033854
1653087256000,0.99159567,34.6324293
1653091152000,0.9915956,34.4705809
1653095055000,0.99159564,34.367111
1653098960000,0.99159561,34.2530743
1653102854000,0.99159558,34.0919086
1653106759000,0.99159552,34.0093254
1653110653000,0.99159553,32.6363533
1653114558000,0.99159552,32.5558831
1653171306000,0.99159567,34.0670253
1653175201000,0.99159569,33.7919774
1653179105000,0.99159566,33.5831481
1653183001000,0.99159559,33.3797398
1653186904000,0.99159563,33.1787514
1653190809000,0.99159569,33.0262648
1653194703000,0.99159569,32.8697766
1653198608000,0.99159561,31.6832281
1653202502000,0.99159563,31.9782629
1653252193000,0.99159559,34.2212507
1653256088000,0.9915956,34.1338344
1653259992000,0.99159566,34.0215486
1653263888000,0.99159563,33.9870796
1653267791000,0.99159559,33.711497
1653271696000,0.99159557,33.4665483
1653275590000,0.99159564,33.2640499
1653279495000,0.99159564,32.9273136
1653283389000,0.99159558,32.4868811
1653287294000,0.99159562,32.6122976
1653291188000,0.99159561,33.0702289
1653295093000,0.99159561,33.5369067
1653298988000,0.99159556,33.5621746
1653302893000,0.99159558,33.863542
1653306788000,0.99159559,33.8859425
1653310692000,0.99159558,34.1950763
1653314588000,0.99159551,34.6492406
1653318491000,0.9915956,34.8799453
1653322396000,0.99159563,34.7858966
1653326290000,0.99159565,34.7443487
1653330195000,0.99159563,34.597282
1653334089000,0.99159565,34.6506746
1653337994000,0.99159564,34.7628196
1653340400000,0.99159567,34.6626698
1653344295000,0.99159556,34.7000725
1653348199000,0.99159563,34.6330289
1653352095000,0.99159558,34.5054133
1653355998000,0.99159559,34.2652949
1653359903000,0.99159562,34.2130999
1653363797000,0.99159558,34.0980142
1653367702000,0.99159566,33.461346
1653371596000,0.99159571,32.9618604
1653375501000,0.99159567,33.553052
1653379395000,0.99159573,33.9004297
1653383300000,0.99159577,34.0005877
1653387195000,0.99159576,34.0760032
1653391100000,0.99159584,34.3259399
1653394995000,0.99159573,34.3454655
1653398899000,0.99159577,34.4417004
1653402795000,0.99159575,34.5637229
1653406698000,0.99159589,34.7903603
1653410603000,0.99159583,34.8709751
1653416597000,0.99159576,34.3265378
1653420492000,0.99159587,34.6508357
1653424396000,0.99159583,34.5859766
1653428292000,0.99159589,34.3999973
1653432195000,0.9915958,34.4034653
1653436100000,0.99159587,33.9471193
1653439994000,0.99159579,33.7814259
1653443899000,0.99159585,33.636617
1653447793000,0.99159579,33.3927209
1653451698000,0.99159576,33.1958058
1653455593000,0.99159579,32.9732491
1653459497000,0.99159583,32.4603345
1653463392000,0.99159576,32.4976654
1653476364000,0.99159583,33.1902237
1653480258000,0.99159584,33.0694821
1653484163000,0.99159579,33.1650344
1653488058000,0.99159569,33.2935456
1653491962000,0.99159574,33.5253037
1653495858000,0.99159574,33.8804432
1653499761000,0.9915958,34.0125031
1653503666000,0.99159581,34.0211013
1653507560000,0.99159586,33.3735672
1653511465000,0.99159582,33.0353965
1653515359000,0.99159581,33.381032
1653519264000,0.99159577,33.3064369
1653523158000,0.99159573,33.4286886
1653527063000,0.99159588,33.1558378
1653530958000,0.99159579,33.1104359
1653534862000,0.99159582,33.029061
1653538758000,0.99159591,32.8681933
1653542661000,0.99159584,32.7864415
1653546566000,0.99159573,32.4712686
1653550460000,0.99159578,33.1080177
1653554365000,0.99159583,33.2978478
1653558259000,0.99159584,33.5439357
1653562164000,0.99159588,33.6587204
1653566058000,0.9915958,33.7196582
1653569963000,0.99159588,33.9764567
1653573858000,0.99159588,33.8902493
1653577762000,0.99159582,33.801031
1653581658000,0.99159589,33.8834673
1653591896000,0.99159595,33.2646684
1653595790000,0.99159595,32.9866747
1653599695000,0.99159593,33.093095
1653603590000,0.99159602,33.1062195
1653607494000,0.991596,32.9694146
1653611390000,0.99159595,32.8828986
1653615293000,0.99159589,32.7745291
1653619198000,0.99159593,32.6457911
1653623092000,0.99159585,32.543824
1653626997000,0.99159592,32.3197627
1653630891000,0.99159597,32.3932934
1653634796000,0.99159591,32.5402852
1653638690000,0.99159595,32.7461779
1653642595000,0.99159589,32.9240818
1653646490000,0.99159601,33.1847269
1653650394000,0.99159594,33.5259841
1653654290000,0.99159592,33.5845115
1653658193000,0.99159595,33.7149815
1653662098000,0.99159603,33.4030638
1653665992000,0.99159588,32.5011421
1653669897000,0.99159591,33.013679
1653673791000,0.99159594,33.039547
1653677696000,0.99159593,33.3793064
1653681590000,0.99159584,32.635831
1653685495000,0.99159596,32.6844026
1653689390000,0.99159594,32.6908909
1653693294000,0.9915959,32.4920126
1653697190000,0.99159586,32.2801686
1653701093000,0.9915959,31.9547398
1653704998000,0.99159585,31.7020168
1653708892000,0.99159578,31.510529
1653712797000,0.9915958,31.3638419
1653716691000,0.99159578,31.3897905
1653720596000,0.99159582,31.3412964
1653724490000,0.9915959,31.5189815
1653728395000,0.99159593,31.9898841
1653732290000,0.99159595,32.0947956
1653736194000,0.99159591,32.3319071
1653740090000,0.99159588,32.6020485
1653743993000,0.99159599,32.8278541
1653747898000,0.99159599,32.8827567
1653751792000,0.99159599,32.8084679
1653755697000,0.99159596,32.8635271
1653759591000,0.9915959,32.7391601
1653763496000,0.99159594,32.6468506
1653771428000,0.99159582,31.964919
1653775322000,0.99159589,undefined
1653775323000,undefined,31.982796
1653779227000,0.99159588,31.8089642
1653783122000,0.99159587,31.6493038
1653787026000,0.99159581,31.5042691
1653790922000,0.99159583,31.2994407
1653794825000,0.99159578,31.1557626
1653798730000,0.99159583,31.0282421
1653802624000,0.99159583,31.0859345
1653806529000,0.99159577,31.129976
1653810423000,0.99159573,31.0709965
1653814328000,0.99159573,31.1658739
1653818222000,0.99159588,31.3120345
1653822127000,0.99159575,31.3263621
1653826022000,0.99159583,31.5397946
1653829926000,0.9915959,31.7203416
1653833822000,0.99159584,31.603069
1653837725000,0.9915959,31.8349037
1653841630000,0.99159594,31.7599407
1653845524000,0.99159599,31.596437
1653849429000,0.99159593,31.3812679
1653853323000,0.99159589,31.3044958
1653857228000,0.99159591,31.3216126
1653861122000,0.99159582,31.2284746
1653865027000,0.99159597,31.1504224
1653868922000,0.99159582,30.9575692
1653872826000,0.99159574,30.8224242
1653876722000,0.99159581,30.6175166
1653880625000,0.99159583,30.4503889
1653884530000,0.99159581,30.2995548
1653888424000,0.99159583,30.5369672
1653892329000,0.99159583,30.6643522
1653896223000,0.99159582,30.8614152
1653900128000,0.99159585,31.1313369
1653904022000,0.99159589,31.3311921
1653907927000,0.99159595,31.6287113
1653911822000,0.991596,31.7852844
1653915726000,0.99159594,32.1054272
1653919622000,0.99159594,32.3690824
1653923525000,0.99159599,32.2845406
1653927430000,0.99159594,32.4511431
1653931324000,0.991596,32.2904315
1653935229000,0.99159599,32.5679615
1653939123000,0.99159602,31.375769
1653943028000,0.99159583,31.2049421
1653945120000,0.99159592,31.2098415
1653949014000,0.99159587,31.1000421
1653952919000,0.99159593,30.8295907
1653956814000,0.99159589,30.6431586
1653960718000,0.99159579,30.4123762
1653964614000,0.99159584,30.1034744
1653968517000,0.99159584,29.8919223
1653972422000,0.99159583,29.8024073
1653976316000,0.9915958,30.2788947
1653980221000,0.99159587,30.921294
1653984115000,0.9915958,30.6902178
1653988020000,0.99159573,31.1544869
1653991914000,0.9915959,31.5729066
1653995819000,0.99159586,32.0386795
1653999714000,0.99159588,32.3296389
1654003618000,0.99159592,32.564411
1654007514000,0.99159592,32.5371162
1654011417000,0.99159591,32.4976706
1654015322000,0.99159587,32.1668135
1654019216000,0.99159589,32.6460958
1654023121000,0.99159589,32.7295063
1654027015000,0.99159588,32.6396087
1654030920000,0.99159592,32.3248168
1654034814000,0.99159584,32.3487975
1654038719000,0.99159586,32.1583692
1654042614000,0.99159583,31.9453876
1654046518000,0.99159576,31.7568451
1654050414000,0.99159587,31.6041288
1654054317000,0.99159583,31.4587977
1654058222000,0.99159583,31.3245534
1654062116000,0.99159588,31.3689781
1654066021000,0.99159581,31.4441658
1654069915000,0.99159591,31.7562457
1654585404000,0.99159835,32.3311548
1654589205000,0.99159847,32.4236956
1654593006000,0.9915984,32.7465518
1654596815000,0.99159847,33.084503
1654600614000,0.9915984,33.2858672
1654604413000,0.99159844,33.632861
1654608212000,0.99159838,33.8233634
1654612011000,0.99159853,34.1107876
1654615812000,0.99159853,34.0699126
1654619613000,0.99159854,33.8512746
1654623414000,0.99159852,33.9997748
1654627215000,0.99159859,34.0739859
1654631016000,0.99159851,33.9749629
1654634817000,0.99159851,33.8548908
1654637795000,0.99159851,33.6306832
1654641596000,0.99159849,33.3695892
1654645397000,0.99159851,undefined
1654645398000,undefined,33.5526971
1654649206000,0.99159847,33.3114324
1654653005000,0.99159847,32.986158
1654656804000,0.99159847,undefined
1654656805000,undefined,32.711713
1654660603000,0.99159855,32.423399
1654664402000,0.99159845,32.2529484
1654668203000,0.99159849,32.2204501
1654672004000,0.99159846,32.2722607
1654675805000,0.99159852,32.3179571
1654679606000,0.9915985,32.5136665
1654683407000,0.99159854,32.6766507
1654687208000,0.99159849,33.0004892
1654691009000,0.99159854,33.3739565
1654694810000,0.99159857,33.8167379
1654698619000,0.99159858,34.0263231
1654702418000,0.99159863,34.474006
1654706217000,0.99159864,34.3004671
1654710016000,0.99159866,34.2997093
1654713815000,0.99159867,34.3575625
1654717616000,0.99159872,34.3079345
1654721417000,0.99159863,34.1730828
1654725218000,0.99159865,33.9857477
1654729019000,0.99159866,33.8272201
1654732820000,0.99159864,33.6746548
1654736621000,0.99159864,33.5061726
1654740422000,0.9915986,33.2839096
1654744223000,0.9915986,33.1228187
1654748032000,0.99159857,33.0105947
1654751831000,0.99159852,32.9025254
1654755631000,0.9915985,32.9446065
1654759430000,0.99159858,32.7758246
1654763229000,0.99159853,32.7547051
1654767029000,0.99159858,32.8078003
1654770830000,0.99159859,32.9406867
1654774631000,0.99159856,33.3170982
1654778432000,0.99159864,33.679103
1654782233000,0.99159862,33.8123659
1654786034000,0.99159869,34.1628302
1654789835000,0.99159867,34.3825978
1654793636000,0.99159872,34.5661703
1654797437000,0.99159869,34.7765079
1654801245000,0.9915986,34.3337237
1654805044000,0.99159865,33.9001516
1654816265000,0.99159856,33.8027796
1654820066000,0.99159861,undefined
1654823867000,0.99159861,undefined
1654827676000,0.99159856,undefined
1654831475000,0.99159851,undefined
1654835274000,0.99159855,undefined
1654839073000,0.99159851,undefined
1654842872000,0.99159847,undefined
1654846673000,0.99159855,undefined
1654850474000,0.99159852,undefined
1654854275000,0.99159856,undefined
1654858076000,0.99159855,undefined
1654861877000,0.99159859,undefined
1654865678000,0.99159863,undefined
1654876175000,0.99159869,undefined
1654986867000,0.99159874,undefined
1654986868000,undefined,34.3172852
1654987858000,0.99159873,33.6313658
1655019343000,0.99159863,33.0952176
1655023144000,0.9915986,33.1094684
1655026945000,0.99159864,33.5935062
1655028651000,0.99159869,33.9096564
1655032451000,0.99159864,undefined
1655032452000,undefined,34.0945786
1655036252000,0.99159878,undefined
1655036253000,undefined,34.7915165
1655040062000,0.99159873,34.8774927
1655043861000,0.99159878,35.3754723
1655047659000,0.99159883,undefined
1655047660000,undefined,35.5364942
1655051458000,0.99159883,undefined
1655051459000,undefined,35.8913322
1655055257000,0.99159883,undefined
1655055258000,undefined,35.9418607
1655059058000,0.99159883,undefined
1655059059000,undefined,35.7640953
1655062859000,0.99159877,undefined
1655062860000,undefined,35.6510433
1655066660000,0.9915988,undefined
1655066661000,undefined,33.4259254
1655070461000,0.99159862,undefined
1655070462000,undefined,33.0720626
1655074262000,0.99159869,undefined
1655074263000,undefined,32.396475
1655078063000,0.99159856,undefined
1655078064000,undefined,32.8643658
1655081864000,0.99159857,undefined
1655081865000,undefined,33.0584098
1655085665000,0.99159863,undefined
1655085666000,undefined,32.9550146
1655089475000,0.99159867,32.7771061
1655093274000,0.99159877,32.4290566
1655097073000,0.99159856,32.0822102
1655100871000,0.9915986,undefined
1655100872000,undefined,32.0450297
1655104670000,0.99159853,undefined
1655104671000,undefined,32.1220293
1655108471000,0.9915987,undefined
1655108472000,undefined,32.4926327
1655112272000,0.99159872,undefined
1655112273000,undefined,33.0471075
1655116073000,0.99159869,undefined
1655116074000,undefined,33.3110666
1655119874000,0.9915987,undefined
1655119875000,undefined,33.2757695
1655123675000,0.99159874,undefined
1655123676000,undefined,32.8499647
1655127476000,0.99159866,undefined
1655127477000,undefined,32.3321438
1655131277000,0.99159864,undefined
1655131278000,undefined,32.9496692
1655135078000,0.99159865,undefined
1655135079000,undefined,33.0560797
1655138879000,0.99159871,undefined
1655138880000,undefined,32.9066029
1655142688000,0.99159868,33.8315243
1655146487000,0.99159879,32.8840538
1655150285000,0.99159859,undefined
1655150286000,undefined,32.6335134
1655154084000,0.99159873,undefined
1655154085000,undefined,33.4474936
1655157884000,0.99159868,undefined
1655157885000,undefined,33.5598668
1655161685000,0.99159868,undefined
1655161686000,undefined,33.6160568
1655165486000,0.99159874,undefined
1655165488000,undefined,33.6813652
1655169287000,0.99159873,undefined
1655169288000,undefined,33.452926
1655173088000,0.99159871,undefined
1655173089000,undefined,33.1999019
1655176889000,0.99159867,undefined
1655176890000,undefined,32.9715335
1655180690000,0.99159874,undefined
1655180691000,undefined,32.7808042
1655184491000,0.9915987,undefined
1655184492000,undefined,32.6413598
1655188292000,0.99159868,undefined
1655188293000,undefined,32.5153378
1655192101000,0.99159873,32.5903009
1655195900000,0.99159861,32.7805771
1655199699000,0.99159873,33.0514791
1655235336000,0.9915987,33.2989996
1655242738000,0.99159875,34.241115
1655250138000,0.99159863,33.5254754
1655257541000,0.99159869,32.7702468
1655264940000,0.99159863,31.9613141
1655272344000,0.99159859,31.3121174
1655279742000,0.99159869,31.4151466
1655287147000,0.99159867,32.0073245
1655294544000,0.99159868,33.1363205
1655301950000,0.99159872,34.0579982
1655309346000,0.99159882,35.1097812
1655316753000,0.99159889,35.6025617
1655324148000,0.99159883,35.7814482
1655331556000,0.99159888,34.9140677
1655338950000,0.9915988,34.1000814
1655346351000,0.99159886,33.6389068
1655353752000,0.99159874,33.082398
1655361153000,0.99159879,32.6473917
1655368554000,0.99159869,32.1792697
1655375955000,0.99159872,32.486454
1655383356000,0.99159872,33.4907891
1655390757000,0.9915988,34.5560642
1655398158000,0.99159887,35.2231283
1655405559000,0.99159899,35.2526204
1655409511000,0.9915989,34.8841341
1655416913000,0.99159886,34.3531115
1655424313000,0.99159881,34.3777744
1655431716000,0.9915988,33.796905
1655439115000,0.99159886,33.0287062
1655446519000,0.99159875,32.4574148
1655453917000,0.99159878,32.8586403
1655461322000,0.99159888,33.7297915
1655468719000,0.99159884,34.4923409
1655476125000,0.99159906,35.2995389
1655568930000,0.99159901,35.7359767
1655576332000,0.99159911,39.3144721
1655583732000,0.99159909,39.3942623
1655591135000,0.99159911,37.6938161
1655598534000,0.99159894,35.7929854
1655605938000,0.99159892,34.9236514
1655613336000,0.99159888,33.6265456
1655620741000,0.99159879,33.2072939
1655624327000,0.99159873,32.4819255
1655624903000,0.99159866,33.3668014
1655632305000,0.99159885,33.5117548
1655639705000,0.99159889,35.0930405
1655647108000,0.99159897,36.1453374
1655654507000,0.99159904,36.9288568
1655661911000,0.99159899,35.279624
1655669309000,0.99159896,34.6268098
1655676714000,0.99159879,34.7651149
1655699097000,0.99159888,34.6545611
1655706499000,0.99159908,34.1784568
1655713899000,0.99159877,33.0061553
1655721302000,0.99159889,33.0079678
1655728701000,0.99159888,33.3711031
1655736105000,0.99159888,33.914559
1655743503000,0.99159893,33.8095093
1655750908000,0.99159892,33.4669554
1655758305000,0.99159894,32.8981612
1655765711000,0.99159892,33.7870357
1655773107000,0.99159887,32.5732601
1655780514000,0.9915989,31.9754236
1655787909000,0.99159884,31.3457639
1655795317000,0.99159882,31.1204125
1655802711000,0.99159885,31.7543812
1655810112000,0.99159893,32.7329242
1655817513000,0.99159892,33.0591833
1655824914000,0.99159903,34.137347
1655832315000,0.99159891,34.3206863
1655839716000,0.991599,34.3729567
1655847117000,0.99159904,34.2942138
1655854518000,0.99159898,34.0232423
1655861919000,0.99159895,33.9673611
1655869320000,0.99159891,33.5292555
1655889038000,0.99159893,33.1078971
1655896440000,0.99159903,33.3174895
1655903840000,0.9915991,34.2370522
1655911243000,0.99159913,35.5840869
1655918642000,0.99159913,35.8928459
1655926046000,0.99159926,36.4949149
1655933444000,0.99159926,36.2142792
1655940849000,0.99159919,35.7438282
1655948246000,0.99159913,34.1303385
1655955652000,0.99159901,33.1309062
1655963048000,0.99159889,32.0957945
1655970455000,0.991599,32.3294378
1655977850000,0.99159905,33.492982
1655985258000,0.99159915,34.8173976
1655992652000,0.9915992,36.0482167
1656000053000,0.9915992,37.1030825
1656007454000,0.99159926,37.4700613
1656014855000,0.99159931,37.6969217
1656022256000,0.99159922,37.2099465
1656029657000,0.99159922,36.3587858
1656037058000,0.9915991,35.15436
1656044459000,0.991599,34.6437796
1656051860000,0.99159911,34.2792848
1656059261000,0.99159902,35.3537581
1656064788000,0.99159908,36.9829327
1656072190000,0.99159902,37.466206
1656079590000,0.9915991,36.7802888
1656086993000,0.99159909,37.1502872
1656094392000,0.99159909,37.3637867
1656101796000,0.99159914,37.6471381
1656103515000,0.99159895,37.0808986
1656110917000,0.99159906,undefined
1656110918000,undefined,37.2178526
1656118317000,0.99159901,35.7549786
1656125720000,0.99159893,35.152996
1656133119000,0.99159892,34.6400798
1656140523000,0.99159892,undefined
1656140524000,undefined,34.2475312
1656147921000,0.99159885,34.230486
1656192644000,0.99159899,35.3582809
1656200046000,0.99159907,36.5856292
1656207446000,0.99159896,34.3915771
1656214849000,0.99159899,32.9798426
1656222248000,0.9915989,32.4185823
1656229652000,0.99159891,33.6822009
1656237050000,0.99159903,35.5061083
1656244455000,0.99159912,36.8809739
1656251852000,0.9915992,37.4816002
1656259258000,0.99159923,38.3687333
1656266654000,0.99159926,38.80073
1656274061000,0.99159924,38.4444518
1656281456000,0.99159929,37.7775366
1656288864000,0.99159921,38.5443798
1656296258000,0.99159913,36.1390104
1656303659000,0.99159915,35.3487089
1656311060000,0.99159922,34.2522163
1656318461000,0.99159917,35.1034525
1656325862000,0.99159909,34.7495215
1656333263000,0.9915992,36.3058431
1656340664000,0.99159928,37.6779913
1656348065000,0.99159932,37.2042208
1656355466000,0.99159933,36.5382836
1656362867000,0.99159922,35.7731673
1656392248000,0.99159897,34.7673872
1656399650000,0.99159913,32.9364023
1656407050000,0.99159908,32.9409282
1656414453000,0.9915991,undefined
1656414454000,undefined,33.4105555
1656421852000,0.99159916,34.6273431
1656429256000,0.9915992,35.9125381
1656436654000,0.99159922,undefined
1656436656000,undefined,36.3562892
1656444059000,0.99159932,36.3332178
1656451456000,0.99159931,36.6124176
1656458862000,0.9915992,undefined
1656458863000,undefined,34.8259194
1656466258000,0.99159911,33.7556626
1656473665000,0.99159913,undefined
1656473666000,undefined,32.9557136
1656481060000,0.99159904,32.3464838
1656488468000,0.99159908,undefined
1656488469000,undefined,32.5465705
1656495862000,0.99159912,33.6801006
1656503263000,0.99159922,34.8347443
1656510664000,0.99159922,35.8039327
1656518065000,0.99159928,36.0542526
1656525466000,0.99159927,36.5591675
1656532867000,0.99159934,36.7522402
1656540268000,0.99159918,35.3439616
1656547669000,0.99159906,34.0081649
1656555070000,0.99159909,33.9801096
1656562471000,0.99159914,33.400147
1656623676000,0.99159915,32.9782618
1656631078000,0.9915993,36.7511781
1656638478000,0.99159921,37.0252432
1656645881000,0.99159916,35.7209784
1656653280000,0.9915991,35.1716294
1656660684000,0.99159924,34.5561557
1656668082000,0.99159907,33.6118416
1656675487000,0.99159904,undefined
1656675488000,undefined,33.6066392
1656682884000,0.99159904,33.1303009
1656690290000,0.99159907,33.598875
1656697686000,0.99159914,33.6728598
1656705093000,0.99159912,34.0260374
1656712488000,0.99159919,33.5990265
1656719896000,0.99159906,32.4930242
1656727290000,0.99159907,32.0335075
1656734691000,0.99159907,31.3468246
1656742092000,0.99159896,30.6728184
1656749493000,0.991599,31.1572211
1656756894000,0.99159906,32.2786115
1656764295000,0.99159914,33.3507516
1656771696000,0.99159922,34.4013199
1656779097000,0.9915993,35.4988022
1656786498000,0.99159927,35.9176684
1656793899000,0.9915993,36.1074142
1656824353000,0.99159924,35.2960704
1656831755000,0.99159914,32.8392722
1656839155000,0.99159916,33.6693877
1656846558000,0.99159924,35.1291034
1656853957000,0.99159927,36.5348815
1656861361000,0.99159934,37.599104
1656868759000,0.99159932,38.1539491
1656876164000,0.99159927,38.2060563
1656883561000,0.99159926,36.6735733
1656890967000,0.99159918,34.5842808
1656898363000,0.99159914,34.7169434
1656905770000,0.99159922,34.2128478
1656913165000,0.99159906,33.4493143
1656920573000,0.99159912,32.8038956
1656927967000,0.99159922,33.9362921
1656935368000,0.99159926,35.0178628
1656942769000,0.99159936,35.8024343
1656950170000,0.99159919,36.2764285
1656957571000,0.99159931,36.4783955
1656964972000,0.99159931,36.4520796
1656972373000,0.99159934,35.9530357
1656979774000,0.99159918,34.2366822
1656987175000,0.99159918,34.4434028
1656994576000,0.99159916,33.6850787
1657049968000,0.99159913,32.8251659
1657057370000,0.99159924,33.6788928
1657064770000,0.99159928,34.82705
1657072173000,0.99159923,34.3102132
1657079572000,0.9915992,33.9338788
1657086976000,0.99159919,33.5779894
1657110207000,0.99159918,32.6277219
1657117609000,0.99159925,34.6205549
1657124773000,0.99159924,34.2796718
1657132175000,0.99159917,34.1415029
1657139575000,0.99159918,34.0052198
1657146978000,0.99159928,34.0744593
1657154377000,0.99159923,33.4746658
1657161781000,0.9915992,33.009036
1657169179000,0.99159918,32.6092408
1657176584000,0.99159922,32.3820916
1657183981000,0.99159924,32.2679802
1657191387000,0.99159922,undefined
1657191388000,undefined,32.7262899
1657198783000,0.99159923,33.5306984
1657206190000,0.99159937,undefined
1657206191000,undefined,34.385032
1657213585000,0.99159935,34.0390957
1657220993000,0.99159931,undefined
1657220994000,undefined,33.7330495
1657228387000,0.99159935,33.6597453
1657235788000,0.99159941,33.903644
1657243189000,0.99159932,33.8683493
1657250590000,0.99159925,33.6191707
1657257991000,0.99159932,33.3834134
1657265392000,0.99159939,33.2691574
1657272793000,0.99159936,33.6545419
1657280194000,0.99159939,34.0847967
1657287595000,0.99159948,34.5704869
1657294996000,0.99159946,34.4585654
1657347947000,0.99159942,34.0205369
1657355349000,0.99159931,32.8159675
1657362749000,0.99159936,33.26976
1657370152000,0.99159924,33.8294297
1657377551000,0.99159936,34.5420497
1657384955000,0.9915994,34.9745727
1657392353000,0.99159934,33.8801125
1657399758000,0.99159926,32.8589578
1657407155000,0.9915993,34.1746947
1657414561000,0.99159933,34.0728759
1657421957000,0.99159934,33.7439107
1657429364000,0.99159927,33.4914061
1657436759000,0.99159931,33.33424
1657444167000,0.99159933,32.3375244
1657451561000,0.99159928,32.3509403
1657458962000,0.99159918,32.8127962
1657489438000,0.99159919,33.0361816
1657496840000,0.99159937,33.3429913
1657504240000,0.99159934,33.8472283
1657511643000,0.99159924,33.7227112
1657519042000,0.99159928,33.5814571
1657526446000,0.99159928,32.2375175
1657531318000,0.99159921,32.0120889
1657538720000,0.9915993,33.262594
1657579430000,0.99159944,33.5426218
1657586832000,0.99159942,33.8400638
1657594232000,0.99159936,34.195586
1657601635000,0.99159936,33.9224984
1657609034000,0.99159942,33.6905903
1657616438000,0.99159942,33.2915576
1657623836000,0.99159952,34.2298311
1657631241000,0.99159957,35.1388427
1657638638000,0.99159959,35.8039479
1657646044000,0.99159954,36.2897835
1657653440000,0.99159964,37.0429865
1657660847000,0.99159945,36.5382028
1657668242000,0.99159944,34.8300735
1657675650000,0.9915994,33.4235393
1657683044000,0.99159941,33.1088214
1657690445000,0.9915994,33.1697578
1657697846000,0.99159949,34.2415191
1657705247000,0.99159953,undefined
1657705248000,undefined,35.1077686
1657712648000,0.99159955,35.8656419
1657720049000,0.99159947,36.604052
1657727450000,0.99159959,37.652363
1657734851000,0.99159961,38.8232893
1657742252000,0.99159962,38.6486254
1657748312000,0.99159958,36.9221696
1657755714000,0.99159955,36.3235707
1657763114000,0.99159956,35.222171
1657770517000,0.99159951,34.4485387
1657777916000,0.99159942,33.604992
1657785320000,0.9915995,33.0679478
1657792718000,0.99159944,32.9091905
1657800123000,0.99159947,33.563592
1657807520000,0.99159955,34.6124209
1657814926000,0.99159945,34.4829275
1657865375000,0.99159958,34.5943287
1657872777000,0.99159966,34.3995234
1657880177000,0.9915996,34.5093346
1657887580000,0.99159961,35.0449442
1657914356000,0.9915996,34.4048044
1657921758000,0.99159971,34.4290855
1657929158000,0.99159963,33.7858486
1657936561000,0.99159949,33.2129754
1657943960000,0.9915995,32.9221647
1657951364000,0.99159941,32.8167249
1657958762000,0.99159956,32.853765
1657973558000,0.99159953,33.8980708
1657980960000,0.99159967,35.0625203
1658006279000,0.99159963,35.4187178
1658013681000,0.9915996,33.8290657
1658021081000,0.99159959,33.534554
1658028484000,0.99159954,33.2734587
1658033915000,0.9915994,32.920279
1658042991000,0.99159957,undefined
1658042992000,undefined,32.7543577
1658046503000,0.99159958,32.6812073
1658053905000,0.99159963,32.4694372
1658061305000,0.99159953,33.1237572
1658068708000,0.99159958,33.8488938
1658076107000,0.99159965,35.0850707
1658083511000,0.99159967,35.2293473
1658090909000,0.99159971,35.2883935
1658098314000,0.99159974,35.1637383
1658105711000,0.99159961,34.5533695
1658113117000,0.99159952,33.1354461
1658120513000,0.99159952,32.4367753
1658127920000,0.99159958,32.6965905
1658135315000,0.99159958,33.0745844
1658142723000,0.99159964,33.9851029
1658150117000,0.99159962,35.2533283
1658157518000,0.99159982,36.7579863
1658164919000,0.99159961,36.9126607
1658172320000,0.99159978,37.3929266
1658179721000,0.99159976,37.9590879
1658187122000,0.9915997,36.765522
1658194523000,0.99159954,34.0391692
1658201924000,0.99159944,32.2002662
1658209325000,0.99159938,30.4747834
1658216726000,0.99159948,31.2149363
1658352241000,0.99159964,33.8324602
1658359643000,0.99159983,39.0745865
1658367043000,0.99159956,37.6285239
1658374446000,0.99159962,37.1849949
1658381845000,0.99159965,36.6670326
1658389249000,0.99159975,36.1458944
1658396647000,0.99159966,35.2619246
1658404052000,0.99159979,35.4350084
1658411449000,0.99159989,37.2025033
1658418855000,0.99159988,37.4699314
1658426251000,0.99159985,37.5443742
1658433658000,0.99159976,37.3357657
1658441053000,0.99159978,37.2366647
1658448461000,0.99159983,36.983939
1658455855000,0.99159974,36.3985468
1658463256000,0.99159979,36.0620328
1658470657000,0.99159973,35.2205991
1658478058000,0.99159966,33.0002274
1658485459000,0.99159977,33.9848827
1658492860000,0.99159975,34.066705
1658500261000,0.9915997,34.3066875
1658507662000,0.9915999,34.5769931
1658515063000,0.99159982,34.9352194
1658522464000,0.99159994,34.6516536
1658696728000,0.99160004,35.0293542
1658704130000,0.99160002,37.2956453
1658711530000,0.99159982,36.3996767
1658718933000,0.99159982,35.6683591
1658726332000,0.99159985,34.5042095
1658733736000,0.99159988,34.1076684
1658741134000,0.99159985,36.0935624
1658748539000,0.9916,37.0897616
1658755936000,0.99159997,37.9375246
1658763342000,0.99160008,38.4835591
1658770738000,0.99160012,39.6513973
1658778145000,0.9916001,39.0102001
1658785540000,0.99160006,38.0417609
1658792948000,0.99160008,37.8606805
1658800342000,0.99159998,36.7439714
1658807743000,0.9915999,36.339119
1658815144000,0.99159997,35.942581
1658822545000,0.99159999,35.146928
1658829946000,0.99159993,35.8643674
1658837347000,0.99159989,35.2328981
1658844748000,0.99159992,35.3046922
1658852149000,0.99160002,35.1697049
1658859550000,0.99160008,34.8377126
1659357724000,0.99159999,34.6876301
1659474801000,0.9916005,33.8332418
1659482203000,0.99160076,36.6561365
1659489603000,0.99160068,35.3434124
1659497006000,0.99160067,33.7910135
1659515068000,0.99160055,32.7283778
1659522470000,0.99160074,35.594558
1659529870000,0.99160068,36.4519771
1659561350000,0.99160075,37.358573
1659568752000,0.99160095,38.887604
1659576152000,0.99160067,36.2089059
1659583555000,0.99160069,34.7146553
1659590954000,0.99160059,33.3855681
1659598358000,0.99160058,34.0119133
1659605756000,0.99160074,36.7320026
1659613161000,0.99160071,37.813193
1659620558000,0.99160085,38.7338242
1659627964000,0.99160086,39.5613019
1659635360000,0.99160097,41.901903
1659642767000,0.99160084,40.1927715
1659650162000,0.99160092,39.0971121
1659657570000,0.99160068,37.4698923
1659664964000,0.99160067,36.6556783
1659672365000,0.99160057,36.428973
1659679766000,0.9916007,36.1899769
1659687167000,0.99160061,33.8082101
1659694568000,0.9916008,37.0894858
1659701969000,0.99160055,32.6893119
1659709370000,0.99160061,35.2599247
1659716771000,0.99160083,35.2281793
1659724172000,0.99160072,34.3852328
1659731573000,0.99160073,33.4111377
1663398245000,0.99160166,34.4787075
1663400791000,0.99160186,32.233678
1663408193000,0.99160183,32.1634672
1663415593000,0.99160187,32.5439459
1663422996000,0.99160194,32.6885285
1663430395000,0.99160194,32.4342949
1663437799000,0.99160194,32.319956
1663445197000,0.99160202,32.1122594
1663452602000,0.99160243,31.5909894
1663459999000,0.99160244,31.9937178
1663467405000,0.99160245,31.4750705
1663474801000,0.99160241,31.162764
1663482208000,0.99160233,30.863433
1663489603000,0.99160244,31.1736263
1663497011000,0.99160246,31.4664014
1663504405000,0.99160247,31.9035196
1663511806000,0.99160255,32.0628806
1663519207000,0.99160256,31.8018635
1663526608000,0.99160255,31.4028257
1663534009000,0.99160256,31.756232
1663541410000,0.99160252,31.3996549
1663880709000,0.99160271,31.2089276
1663882332000,0.9916028,31.5327777
1663900633000,0.99160271,30.9252803
1663918934000,0.99160279,31.3728902
1663984957000,0.9916028,31.9337035
1664071658000,0.99160287,31.0714474
1664158359000,0.99160254,30.7975165
1664245060000,0.99160252,30.733417
1664331761000,0.99160273,30.7874977
1664418462000,0.99160265,29.6536644
1664504564000,0.99160262,29.9928884
1664591265000,0.99160267,30.1912419
1664677966000,0.99160266,30.0207187
1664764667000,0.99160272,30.1691434
1664851368000,0.99160266,30.4698379
1664938069000,0.99160279,31.1349484
1665024770000,0.991603,31.4047246
1665278634000,0.99160309,30.3679567
1665365335000,0.99160315,30.1560332
1665452036000,0.99160323,31.0691238
1665538737000,0.99160333,30.0352206
1665625773000,0.99160378,30.2275471
1665712474000,0.99160383,30.6535128
1665799175000,0.99160385,30.964987
1665887720000,0.99160402,30.5274237
1665973051000,0.99160399,31.0737433
1666059752000,0.99160402,31.9749135
1666148793000,0.99160407,31.2106303
1666235494000,0.99160414,29.7185636
1666408896000,0.99160493,30.0855008
1666495597000,0.99160495,30.0014073
1666582298000,0.99160507,30.2959154
1666668999000,0.99160504,29.9583468
1666842154000,0.99160513,30.1064689
1666928855000,0.99160537,30.9096051
1667015556000,0.9916055,32.1067205
1667188958000,0.99160558,31.5548877
1667275659000,0.99160564,31.1828522
1667362360000,0.99160569,30.577849
1667615430000,0.99160581,29.7149232
1667702131000,0.99160583,30.2565736
1667788832000,0.99160608,30.6401589
1667875533000,0.9916061,30.9461276
1667962234000,0.99160623,30.8518599
1668047091000,0.99160638,30.6748589
1668133792000,0.99160635,29.8408091
1668220493000,0.99160634,undefined
1668220494000,undefined,30.7279547
1668307194000,0.99160649,30.7764501
1668393208000,0.99160647,31.2469864
1668479909000,0.99160663,30.8671118
1668566610000,0.99160673,31.4102741
1668653311000,0.99160673,30.7346792
1669083762000,0.99160694,30.1430273
1669172496000,0.99160713,30.199825
1669345898000,0.9916072,29.5341083
1669605001000,0.99160714,29.2131295
1669695382000,0.99160729,29.6525198
1669779085000,0.99160738,30.0508767
1669864816000,0.9916074,29.3082382
1669950078000,0.99160754,undefined
1669950079000,undefined,30.1609173
1670034367000,0.99160758,31.4425057
1670126235000,0.99160748,undefined
1670126236000,undefined,31.0270936
1670211824000,0.99160757,31.1406766
1670299736000,0.99160769,31.5996802
1670387003000,0.99160775,31.409625
1670473704000,0.99160796,31.8659099
1670556608000,0.99160785,30.3475898
1670644419000,0.99160791,30.4939765
1670729064000,0.99160803,30.4524269
1670812905000,0.99160799,30.2331059
1670986307000,0.99160816,30.7873617
1671028922000,0.99160822,32.370319
1671052975000,0.99160815,32.1667669
1671092792000,0.99160817,31.7926889
1671094218000,0.99160803,31.9985792
1671116020000,0.99160827,32.3139107
1671118347000,0.99160827,32.3828386
1671137488000,0.99160818,32.0714303
1671180194000,0.99160833,32.5517767
1671205232000,0.99160835,32.2098318
1671322061000,0.99160846,32.7253197
1671356181000,0.99160834,undefined
1671356182000,undefined,32.2240084
1671406792244,0.991608308,undefined
1671406792307,undefined,32.7904796
1671407249267,0.991608283,undefined
1671407249330,undefined,32.7599324
1671408614803,0.991608235,undefined
1671408614869,undefined,32.6575819
1671462488298,0.991608488,undefined
1671462488379,undefined,32.3284747
1671462961162,0.991608409,undefined
1671462961232,undefined,32.2987533
1671466573722,0.991608355,undefined
1671466573789,undefined,32.1129224
1671491901216,0.991608315,undefined
1671491906821,undefined,31.9931542
1671528677111,0.991608401,undefined
1671528677670,undefined,31.7073277
1671559933441,0.991608387,undefined
1671559933995,undefined,31.3794785
1671561694494,0.991608307,undefined
1671561695048,undefined,31.4690733
1671567612756,0.991608315,undefined
1671567613308,undefined,32.0467761
1671611202232,0.991608424,undefined
1671611202785,undefined,31.935692
1671708089098,0.991608474,undefined
1671708089643,undefined,31.588841
1671783869162,0.991608597,undefined
1671783869699,undefined,30.702833
1671880369343,0.9916087,undefined
1671880369884,undefined,31.8797348
1671959817774,0.991608693,undefined
1671959818315,undefined,31.623916
1672996655750,0.991608927,undefined
1672996656291,undefined,31.8992062
1673081899707,0.99160887,undefined
1673081900256,undefined,31.3291909
1673090613501,0.991609028,undefined
1673090614047,undefined,31.6297399
1673169078528,0.991609104,undefined
1673169079066,undefined,32.1924379
1673252884793,0.99160903,undefined
1673252885329,undefined,30.7431906
1673338051470,0.991609106,undefined
1673338052014,undefined,30.8900367
1673481407275,0.991609217,undefined
1673481407823,undefined,30.964551
1673599116010,0.991609298,undefined
1673599116587,undefined,31.1711292
1673695013177,0.991609387,undefined
1673695013721,undefined,31.8944711
1673719758298,0.991609295,undefined
1673719758839,undefined,31.4253647
1674253362083,0.99160933,undefined
1674253362633,undefined,31.6044857
1674576867165,0.991609486,undefined
1674576867735,undefined,30.5364122
1674765333457,0.991609582,undefined
1674765334022,undefined,31.4750731
1675162049139,0.99160975,undefined
1675162049694,undefined,31.165791
1675414509424,0.991609879,undefined
1675414509997,undefined,31.6481664
1675590215359,0.991609999,undefined
1675590215928,undefined,31.8246524
1675852157488,0.991610102,undefined
1675852158044,undefined,31.2084078
1676188576159,0.991610116,undefined
1676188576716,undefined,31.4124158
1676298354752,0.991610299,undefined
1676298355385,undefined,32.0503097
1676576388607,0.991610339,undefined
1676576389170,undefined,32.0263292
1676920777961,0.991610391,undefined
1676920778528,undefined,31.2285566
1677227399544,0.991610687,undefined
1677227400107,undefined,31.9357604
1677227424784,0.991610687,undefined
1677227425350,undefined,31.9357604
1677529797496,0.991610766,undefined
1677529798065,undefined,31.5425327
1677762650704,0.991610813,undefined
1677762651314,undefined,31.5319778
1677878369684,0.991610923,undefined
1677878370255,undefined,31.8322223
1678007492354,0.991610855,undefined
1678007492921,undefined,32.3317163
1678178162008,0.991610824,undefined
1678178162591,undefined,32.6633304
1678378968769,0.991611064,undefined
1678378969333,undefined,32.7055757
1678715673875,0.991611349,undefined
1678715674465,undefined,32.3641639
1678715745458,0.991611349,undefined
1678715746017,undefined,32.3641639
1679044028183,0.991611418,undefined
1679044028753,undefined,32.6463071
1679044056009,0.991611418,undefined
1679044056572,undefined,32.6463071
1679395155144,0.991611646,undefined
1679395155734,undefined,32.859892
1679594488973,0.991611682,undefined
1679594489540,undefined,32.3866483
1679846439848,0.99161182,undefined
1679846440411,undefined,33.4643837
1680030657303,0.991611794,undefined
1680030657872,undefined,32.7405912
1680206607868,0.991612008,undefined
1680206608431,undefined,35.0809844
1680206634751,0.991612008,undefined
1680206635317,undefined,35.0809844
1680816644360,0.991612168,undefined
1680816644929,undefined,34.9601711
1681062328420,0.991611876,undefined
1681062328993,undefined,35.1370159
1681330942882,0.991611887,undefined
1681330943454,undefined,35.203991
1681594072774,0.991612035,undefined
1681594073333,undefined,34.4527487
1681594095302,0.991612035,undefined
1681594095870,undefined,34.4527487
1681763372414,0.99161206,undefined
1681763373008,undefined,34.4585562
1682197181087,0.991612287,undefined
1682197181656,undefined,34.9842346
1682629182838,0.99161237,undefined
1682629183418,undefined,33.9601278
1682928251408,0.99161264,undefined
1682928251998,undefined,34.6720916
1683274490351,0.991612654,undefined
1683274490917,undefined,34.6997651
1683275055100,0.991612701,undefined
1683275055668,undefined,34.7223179
1683363988281,0.991612725,undefined
1683363988852,undefined,34.58332
1683450536141,0.991612646,undefined
1683450536709,undefined,34.4358787
1683496096794,0.991612649,undefined
1683496097357,undefined,34.5465895
1683535231661,0.991612526,undefined
1683535232250,undefined,34.1068975
1683581352811,0.991612576,undefined
1683581353371,undefined,34.4816517
1683621443679,0.991612577,undefined
1683621444246,undefined,34.0679072
1683666969746,0.991612609,undefined
1683666970311,undefined,35.2600489
1683752216063,0.991612654,undefined
1683752216628,undefined,34.7619905
1683801196775,0.991612503,undefined
1683801197345,undefined,34.6812885
1683835497725,0.991612504,undefined
1683835498293,undefined,34.7148476
1683876332529,0.991612507,undefined
1683876333094,undefined,34.8095683
1683928453730,0.991612514,undefined
1683928454299,undefined,35.2627583
1683962067868,0.99161246,undefined
1683962068440,undefined,35.0633546
1684016630622,0.991612553,undefined
1684016631195,undefined,35.6198696
1684077885709,0.991612486,undefined
1684077886274,undefined,35.408997
1684152744032,0.991612472,undefined
1684152744621,undefined,35.1780651
1684236827105,0.991612435,undefined
1684236827769,undefined,34.207807
1684267720102,0.991609225,undefined
1684267720663,undefined,35.1401651
1684330053049,0.991609181,undefined
1684330053718,undefined,34.3175008
1684362498765,0.991609174,undefined
1684362499332,undefined,35.0074264
1684449967611,0.991608976,undefined
1684449968184,undefined,34.9400001
1684533196293,0.9916091,undefined
1684533196859,undefined,34.8227218
1684662479569,0.991609176,undefined
1684662480138,undefined,35.3499026
1684763201337,0.991609216,undefined
1684763201941,undefined,33.9551165
1684863432685,0.991609093,undefined
1684863433255,undefined,34.1395083
1685050044810,0.991609389,undefined
1685050045382,undefined,33.7085087
1685345902470,0.991609857,undefined
1685345903059,undefined,33.5121349
1685368338648,0.991609818,undefined
1685368339219,undefined,34.1927072
1685450314413,0.991609337,undefined
1685450314983,undefined,36.9125789
1685529657008,0.99160933,undefined
1685529657579,undefined,37.2157635
1685610404174,0.991609411,undefined
1685610404858,undefined,38.2539695
1685707417752,0.991609232,undefined
1685707418320,undefined,37.8488915
1685795675830,0.991609386,undefined
1685795676399,undefined,38.0338988
1685880243183,0.991609373,undefined
1685880243753,undefined,37.8185789
1685965643995,0.9916094,undefined
1685965644570,undefined,37.9352561
1686085775716,0.991609635,undefined
1686085776286,undefined,40.7319279
1686217782851,0.991609403,undefined
1686217783419,undefined,38.1492875
1686342591897,0.99160971,undefined
1686342592468,undefined,39.1088447
1686427476333,0.99160987,undefined
1686427476897,undefined,38.0642399
1686484445513,0.991609879,undefined
1686484446140,undefined,37.4536446
1686724521949,0.991610098,undefined
1686724522538,undefined,36.7994006
1686993045807,0.991610322,undefined
1686993046382,undefined,38.247597
1687152162445,0.991610384,undefined
1687152163039,undefined,37.6834677
1687348750651,0.99161029,undefined
1687348751221,undefined,37.4294518
1687672761645,0.991610409,undefined
1687672762211,undefined,38.0782064
1687778926383,0.991610428,undefined
1687778926967,undefined,37.9008253
1687862666473,0.991610538,undefined
1687862667043,undefined,37.8070872
1688471852263,0.991611023,undefined
1688471852850,undefined,39.1311532
1689498018098,0.991612412,undefined
1689498018706,undefined,36.0026913
1689518348946,0.991612425,undefined
1689518349554,undefined,35.6798242
1689686549858,0.99161246,undefined
1689686550474,undefined,36.6077745
1689693684118,0.991612464,undefined
1689693684730,undefined,35.8246998
1689796361455,0.991612393,undefined
1689796362062,undefined,36.174647
1689835522066,0.991612424,undefined
1689835522682,undefined,35.8695783
1689891439922,0.991612418,undefined
1689891440606,undefined,35.4332028
1689922771846,0.991612369,undefined
1689922772454,undefined,35.9164098
1689968628190,0.991612388,undefined
1689968628798,undefined,36.1904829
1690019956882,0.991612457,undefined
1690019957490,undefined,35.8898633
1690101893878,0.991612558,undefined
1690101894482,undefined,35.9467353
1690181091927,0.991612674,undefined
1690181092559,undefined,37.0736413
1690273027543,0.991612731,undefined
1690273028155,undefined,35.9184628
1690319336243,0.991612778,undefined
1690319336855,undefined,36.4838773
1690471554247,0.991612749,undefined
1690471554859,undefined,36.4234599
1690529843486,0.991612801,undefined
1690529844134,undefined,36.0673353
1690609200406,0.991612877,undefined
1690609201006,undefined,36.3974459
1690700572142,0.991612923,undefined
1690700572750,undefined,36.3044607
1690821595082,0.99161295,undefined
1690821595710,undefined,36.3649465
1690894409582,0.991612876,undefined
1690894410194,undefined,35.9670322
1691043988199,0.991613073,undefined
1691043988815,undefined,36.2595123
1691267471359,0.991613238,undefined
1691267472079,undefined,36.6870708
1691351186367,0.991613241,undefined
1691351186999,undefined,36.1423237
1691592065422,0.991613235,undefined
1691592066070,undefined,36.2290492
1691664228648,0.991613368,undefined
1691664229260,undefined,36.120074
1691739191560,0.991613344,undefined
1691739192168,undefined,36.1485847
1691845479166,0.991613344,undefined
1691845479782,undefined,35.9669015
1692108319977,0.991613496,undefined
1692108320614,undefined,35.3789427
1692200042442,0.991613603,undefined
1692200043049,undefined,35.7715769
1692292168337,0.991613507,undefined
1692292168985,undefined,36.0141969
1692339136889,0.991613671,undefined
1692339137498,undefined,36.4040409
1692633091183,0.991613774,undefined
1692633091815,undefined,35.8258793
1692637600334,0.991613785,undefined
1692637600943,undefined,35.8853911
1692872781509,0.991614013,undefined
1692872782121,undefined,36.3898724
1692957236031,0.991614095,undefined
1692957236991,undefined,35.5936083
1693130086391,0.991614151,undefined
1693130087012,undefined,36.0781713
1693206947963,0.991614279,undefined
1693206948596,undefined,36.6002973
1693314109504,0.991614316,undefined
1693314110115,undefined,36.4672641
1693746644533,0.991614387,undefined
1693746645106,undefined,34.7572226
1693841405125,0.991614324,undefined
1693841405714,undefined,34.6860992
1693935873424,0.991614125,undefined
1693935874196,undefined,34.8719967
1693990223850,0.991614143,undefined
1693990224425,undefined,35.05836
1694106544997,0.991614271,undefined
1694106545565,undefined,34.7021584
1694160466948,0.991614381,undefined
1694160467518,undefined,35.5038661
1694342925177,0.991614499,undefined
1694342925745,undefined,34.8732192
1694509932589,0.991614555,undefined
1694509933174,undefined,36.6335683
1694627567658,0.991615184,undefined
1694627568263,undefined,35.5745642
1694686361061,0.991618677,undefined
1694686361627,undefined,35.4600532
1694786554962,0.991620402,undefined
1694786555573,undefined,36.0099936
1694861633631,0.991620403,undefined
1694861634192,undefined,36.3702763
1694941121972,0.991620448,undefined
1694941122525,undefined,36.2969695
1695106626820,0.991620761,undefined
1695106627406,undefined,36.2117516
1695245237618,0.991620811,undefined
1695245238182,undefined,35.6795232
1695316304298,0.991620879,undefined
1695316305026,undefined,35.9079725
1695494218789,0.991620721,undefined
1695494219356,undefined,35.90977
1695571903844,0.991620914,undefined
1695571904407,undefined,36.1892097
1695657020907,0.991621096,undefined
1695657021498,undefined,36.0729216
1695744217796,0.991621431,undefined
1695744218360,undefined,36.2454132
1695819019557,0.991621553,undefined
1695819020124,undefined,36.0618498
1695980553496,0.99162166,undefined
1695980554063,undefined,35.7383075
1696176213529,0.9916219,undefined
1696176214100,undefined,36.5140787
1696280568881,0.991622019,undefined
1696280569466,undefined,36.814549
1696356410849,0.991622118,undefined
1696356411426,undefined,36.8597325
1696950826669,0.991622704,undefined
1696950827257,undefined,34.2003147
1697028358286,0.991622726,undefined
1697028358856,undefined,34.5400791
1697211695807,0.991622668,undefined
1697211696379,undefined,35.292087
1697228048238,0.991622668,undefined
1697228048807,undefined,46.7369076
1697231867246,0.991622598,undefined
1697231867809,undefined,51.9185274
1697264895424,0.991622639,undefined
1697264895997,undefined,55.6051086
1697284993351,0.991622798,undefined
1697284993916,undefined,55.2509382
1697308013363,0.991622645,undefined
1697308013918,undefined,54.5246465
1697321666878,0.991622827,undefined
1697321667446,undefined,54.4384463
1697373946959,0.991623142,undefined
1697373947525,undefined,53.6995787
1697401315475,0.991623083,undefined
1697401316042,undefined,53.3758769
1697449931428,0.991623282,undefined
1697449932015,undefined,53.8222268
1697488867849,0.991623258,undefined
1697488868414,undefined,53.3378051
1697656473918,0.991623828,undefined
1697656474489,undefined,52.9497183
1697896192082,0.991624144,undefined
1697896192655,undefined,54.0089305
1698068658387,0.991624739,undefined
1698068658976,undefined,52.9870358
1698391147895,0.991624377,undefined
1698391148464,undefined,53.1265416
1698615717266,0.991620834,undefined
1698615717832,undefined,53.3485344
1698946762988,0.991619659,undefined
1698946763578,undefined,53.2802893
1699196635114,0.991619981,undefined
1699196635676,undefined,52.6586253
1699292937669,0.991620133,undefined
1699292938253,undefined,52.1604808
1699604776840,0.991620507,undefined
1699604777406,undefined,52.7223719
1699740094054,0.991620825,undefined
1699740094623,undefined,53.7510449
1699979409296,0.99162189,undefined
1699979409881,undefined,52.664081
1700383920596,0.991622295,undefined
1700383921166,undefined,53.7039106
1700776312694,0.991622878,undefined
1700776313498,undefined,54.044839
1701689897679,0.991623882,undefined
1701689898267,undefined,53.7328827
1701979878231,0.99162432,undefined
1701979878801,undefined,27.9517934
1702036007605,0.99162465,undefined
1702036008262,undefined,32.7881507
1702158710983,0.991624714,undefined
1702158711554,undefined,33.0280656
1702416531192,0.99162488,undefined
1702416531784,undefined,33.1663155
1702660645054,0.991624807,undefined
1702660645623,undefined,32.4265151
1702907046042,0.991624914,undefined
1702907046637,undefined,32.8521957
1703173859178,0.991624731,undefined
1703173859750,undefined,32.7024763
1703454395878,0.991624475,undefined
1703454396452,undefined,32.4354093
1703925569060,0.9916245,undefined
1703925569657,undefined,30.9934608
1704286738468,0.99162437,undefined
1704286739089,undefined,31.9971346
1704961369123,0.991624517,undefined
1704961369759,undefined,31.5005812
1705395580718,0.991624666,undefined
1705395581351,undefined,32.5096984
1705664976340,0.991624614,undefined
1705664976938,undefined,32.1351645
1706095539567,0.991624588,undefined
1706095540225,undefined,32.9200601
1706374175289,0.991624585,undefined
1706374175863,undefined,32.6576683
1706803128179,0.991624332,undefined
1706803128772,undefined,33.4531085
1707301420468,0.991624442,undefined
1707301421304,undefined,32.7309775
1707332670783,0.991624662,undefined
1707332671444,undefined,31.7368817
1707381528876,0.991624862,undefined
1707381529685,undefined,33.77638
1707473009003,0.99162512,undefined
1707473009637,undefined,33.5484712
1707582586724,0.991625144,undefined
1707582587463,undefined,34.2271763
1707774910598,0.99162531,undefined
1707774911188,undefined,34.4194995
1707904328688,0.991625281,undefined
1707904329257,undefined,33.1381244
1708082917152,0.991625289,undefined
1708082917720,undefined,33.7691539
1708610026301,0.991625448,undefined
1708610026889,undefined,33.7539293
1709041121843,0.991625423,undefined
1709041122427,undefined,32.8536421
1709419133928,0.991625353,undefined
1709419134492,undefined,34.0948209
1709740099729,0.991625332,undefined
1709740100315,undefined,33.0754518
1710087096192,0.991625399,undefined
1710087096748,undefined,34.5495238
1710265482248,0.991625697,undefined
1710265482828,undefined,34.8842477