"Time","CAL? 72 3458B","CAL? 175 3458B"
1648077898000,0.9869133,36.9475985
1648081504000,0.98691325,36.7356265
1648085109000,0.98691325,36.6596616
1648088715000,0.98691309,36.3980693
1648092320000,0.98691309,36.1557732
1648095925000,0.9869132,36.6771453
1648099530000,0.98691331,36.8984316
1648103135000,0.98691328,36.7805857
1648106740000,0.98691307,36.3502543
1648110345000,0.98691337,36.8756129
1648113950000,0.98691353,37.4068251
1648117555000,0.98691354,37.5141662
1648121160000,0.9869137,37.8776155
1648124765000,0.98691371,38.0067971
1648128370000,0.98691379,38.124499
1648131975000,0.98691383,38.3502811
1648135580000,0.98691402,38.6276444
1648139185000,0.98691396,undefined
1648139186000,undefined,38.5810296
1648142790000,0.98691396,undefined
1648142791000,undefined,38.5753977
1648146395000,0.98691374,undefined
1648146396000,undefined,37.9981668
1648150000000,0.98691384,undefined
1648150001000,undefined,38.2761966
1648153605000,0.98691379,undefined
1648153606000,undefined,38.2287523
1648157211000,0.98691382,38.1919026
1648160816000,0.98691369,37.9900618
1648164421000,0.98691364,37.6873339
1648168026000,0.98691341,37.2009316
1648171631000,0.98691344,37.1529705
1648175237000,0.98691349,37.3756748
1648178842000,0.98691347,37.3442225
1648182447000,0.98691344,37.3021216
1648186052000,0.98691343,37.2046822
1648189657000,0.98691345,37.1765345
1648193262000,0.98691334,37.0545625
1648196867000,0.98691341,37.127071
1648200472000,0.98691353,37.4627476
1648204077000,0.98691364,37.7928759
1648207682000,0.98691375,38.1170665
1648211287000,0.98691377,38.18627
1648214893000,0.98691389,38.3870633
1648218498000,0.98691396,38.6688499
1648222103000,0.98691385,38.2985617
1648225708000,0.98691376,38.1210431
1648229313000,0.98691391,38.3984736
1648232918000,0.98691393,38.4876483
1648236524000,0.98691378,38.0977029
1648240129000,0.98691374,37.9689655
1648243734000,0.98691375,undefined
1648243735000,undefined,38.1121064
1648247339000,0.98691369,undefined
1648247340000,undefined,38.1205897
1648250944000,0.98691367,undefined
1648250945000,undefined,37.9467477
1648254549000,0.98691357,undefined
1648254550000,undefined,37.6134728
1648258154000,0.98691345,undefined
1648258155000,undefined,37.2982896
1648261760000,0.98691333,37.0164971
1648265365000,0.98691326,36.7759345
1648268970000,0.98691321,36.5736385
1648272575000,0.9869131,36.366168
1648276180000,0.98691306,36.2423887
1648279785000,0.98691322,36.5533737
1648283390000,0.98691344,37.1591962
1648286995000,0.98691357,37.4507391
1648290600000,0.98691361,37.8203462
1648294205000,0.9869138,38.126074
1648297810000,0.98691389,38.4229405
1648301415000,0.98691388,38.5028165
1648305021000,0.98691394,38.5269835
1648308626000,0.98691382,38.3887166
1648312231000,0.98691366,37.7229105
1648315836000,0.98691376,38.0543172
1648319442000,0.9869139,38.3044996
1648323047000,0.98691383,38.1735174
1648326652000,0.98691369,37.8403072
1648330257000,0.98691366,37.8359585
1648333862000,0.98691363,37.7762072
1648337467000,0.98691363,37.6482278
1648341072000,0.98691353,37.5738359
1648344677000,0.9869135,undefined
1648344678000,undefined,37.3291381
1648348282000,0.98691338,undefined
1648348283000,undefined,37.0751255
1648351887000,0.98691333,undefined
1648351888000,undefined,36.8568495
1648355492000,0.9869132,undefined
1648355493000,undefined,36.6544077
1648359097000,0.98691313,undefined
1648359098000,undefined,36.4530136
1648362703000,0.98691314,36.2757912
1648366308000,0.98691326,36.6754941
1648369914000,0.9869134,37.0426311
1648373519000,0.98691343,37.2535498
1648377124000,0.98691354,37.4312252
1648380729000,0.98691355,37.6344921
1648384334000,0.98691363,37.7318471
1648387939000,0.9869137,37.9200287
1648391544000,0.9869137,37.9721223
1648395149000,0.98691358,37.6525054
1648398754000,0.98691358,37.6615145
1648402359000,0.98691357,37.5351086
1648405964000,0.98691356,37.5541724
1648409569000,0.98691367,37.8674807
1648413175000,0.98691363,37.8719854
1648416781000,0.9869136,37.748664
1648420386000,0.98691354,37.6555811
1648423991000,0.98691353,37.4952566
1648427596000,0.98691348,37.3522566
1648431202000,0.98691341,37.1619027
1648434807000,0.98691329,36.8751615
1648438412000,0.98691324,36.5869232
1648442017000,0.98691317,36.3760774
1648445622000,0.98691322,36.5180206
1648455126000,0.98691327,36.7748084
1648458740000,0.98691343,37.0255897
1648462345000,0.98691344,37.1370513
1648465950000,0.98691347,37.2949156
1648469556000,0.98691353,37.4863146
1648473161000,0.98691366,37.7969272
1648476766000,0.98691347,37.2919087
1648480371000,0.98691357,37.5465168
1648512255000,0.98691349,undefined
1648512256000,undefined,37.3909174
1648515861000,0.98691339,undefined
1648515862000,undefined,37.086832
1648519469000,0.98691321,36.7301365
1648523075000,0.98691314,36.4598418
1648526680000,0.986913,undefined
1648526681000,undefined,36.2781197
1648530286000,0.98691295,undefined
1648530287000,undefined,36.0527769
1648533892000,0.98691307,undefined
1648533893000,undefined,36.1806134
1648677812000,0.98691358,37.5339095
1648681418000,0.98691354,37.387838
1648685024000,0.98691357,undefined
1648685025000,undefined,37.4791105
1648688630000,0.98691348,undefined
1648688631000,undefined,37.2033291
1648692236000,0.98691338,undefined
1648692237000,undefined,36.8220232
1648695842000,0.98691321,undefined
1648695843000,undefined,36.4590171
1648699449000,0.98691312,36.2550049
1648703055000,0.98691306,36.124619
1648706661000,0.98691321,36.4080567
1648710267000,0.98691325,36.5310033
1648713873000,0.98691323,36.5392651
1648733008000,0.98691374,undefined
1648733009000,undefined,37.7715538
1648763561000,0.98691366,undefined
1648763562000,undefined,37.7585643
1648767168000,0.98691365,undefined
1648767169000,undefined,37.6062667
1648770774000,0.98691365,undefined
1648770775000,undefined,37.7183395
1648774382000,0.98691363,37.6424509
1648777988000,0.98691362,37.5524463
1648781594000,0.98691353,undefined
1648781595000,undefined,37.4195129
1648785201000,0.98691347,37.3296596
1648788807000,0.98691349,undefined
1648788808000,undefined,37.2774937
1648792412000,0.98691342,undefined
1648792413000,undefined,37.030469
1648796018000,0.98691338,36.8870226
1648799624000,0.98691349,37.2125713
1648811316000,0.98691347,undefined
1648811317000,undefined,37.1000491
1648814930000,0.98691349,37.2036381
1648818535000,0.98691355,37.3952721
1648822140000,0.98691327,undefined
1648822141000,undefined,36.8001012
1648825745000,0.98691331,undefined
1648825746000,undefined,36.7887681
1648829351000,0.98691332,undefined
1648829352000,undefined,36.872912
1648832958000,0.98691337,undefined
1648832959000,undefined,36.942494
1648836564000,0.98691349,37.1135611
1648840169000,0.98691343,37.0195059
1648843775000,0.98691354,37.2334361
1648847382000,0.98691348,37.2610578
1648850987000,0.98691338,36.9623087
1648857299000,0.98691342,undefined
1648857300000,undefined,37.0446568
1648860907000,0.98691336,36.9296544
1648864513000,0.98691332,36.8092602
1648868119000,0.98691331,36.6740747
1648871726000,0.98691324,undefined
1648871727000,undefined,36.6101948
1648875332000,0.98691322,undefined
1648875333000,undefined,36.5198154
1648878938000,0.9869132,undefined
1648878939000,undefined,36.4356045
1648882546000,0.98691309,36.2443382
1648941335000,0.9869132,36.435225
1648944934000,0.98691322,36.4268963
1648948540000,0.9869132,36.4943011
1648952146000,0.98691317,undefined
1648952147000,undefined,36.43597
1648955754000,0.98691315,36.3841849
1648959359000,0.98691316,undefined
1648959360000,undefined,36.321586
1648962965000,0.98691308,undefined
1648962966000,undefined,36.2797716
1648966572000,0.98691308,36.199382
1649027676000,0.9869135,37.3203589
1649031290000,0.9869136,37.4461628
1649034895000,0.98691354,37.349559
1649038500000,0.98691348,37.2246534
1649042105000,0.98691348,37.1466617
1649045711000,0.98691343,undefined
1649045712000,undefined,37.0459285
1649049318000,0.9869134,undefined
1649049319000,undefined,37.0384984
1649052924000,0.98691335,undefined
1649052925000,undefined,36.8859713
1649056530000,0.98691324,undefined
1649056531000,undefined,36.5496204
1649060136000,0.98691336,undefined
1649060137000,undefined,36.8871731
1649063743000,0.98691344,36.9781472
1649067348000,0.98691343,37.02551
1649070953000,0.9869135,37.277196
1649074559000,0.98691347,37.1008759
1649078165000,0.98691361,37.4249207
1649081770000,0.98691373,37.681858
1649085375000,0.98691377,37.7917452
1649113751000,0.9869137,37.6820116
1649117358000,0.98691353,37.3537634
1649120964000,0.98691349,37.0249888
1649124571000,0.98691335,36.7550688
1649128178000,0.98691329,36.5809955
1649131783000,0.98691324,36.3537098
1649135390000,0.98691316,36.1987104
1649201558000,0.98691389,38.1944594
1649205172000,0.98691379,37.8804751
1649208777000,0.9869137,37.6546137
1649212382000,0.98691363,37.4380561
1649215987000,0.98691355,37.2242071
1649219593000,0.98691347,37.0577904
1649223199000,0.98691344,36.9478272
1649226804000,0.98691348,37.1559707
1649230409000,0.98691361,37.5165675
1649289678000,0.98691389,undefined
1649289679000,undefined,38.2917338
1649293292000,0.98691386,38.0137097
1649296897000,0.98691377,37.7697543
1649300502000,0.98691368,undefined
1649300503000,undefined,37.5708441
1649304107000,0.98691366,undefined
1649304108000,undefined,37.4551712
1649307714000,0.98691361,undefined
1649307715000,undefined,37.3335687
1649364855000,0.98691402,38.4246771
1649368461000,0.98691402,38.3803125
1649372067000,0.98691386,38.1325334
1649375674000,0.9869138,37.8418142
1649379282000,0.98691369,37.5288089
1649382888000,0.98691353,37.197636
1649386494000,0.98691342,36.9134442
1649390100000,0.98691336,36.6817324
1649393705000,0.98691327,36.4533207
1649397311000,0.98691327,36.5172682
1649491975000,0.98691363,37.6495788
1649495578000,0.9869138,38.0880899
1649499188000,0.9869139,38.3703294
1649502782000,0.98691398,38.6258421
1649506385000,0.986914,38.7713079
1649509988000,0.98691395,38.6547393
1649513598000,0.98691395,38.6167571
1649517192000,0.98691356,37.5465188
1649520794000,0.9869138,38.1208926
1649524398000,0.98691389,38.3675492
1649528008000,0.98691394,38.4269236
1649531602000,0.98691381,38.2575032
1649535204000,0.98691376,38.1494173
1649538808000,0.98691381,38.1289328
1649542418000,0.98691379,38.0835138
1649546012000,0.98691367,37.9002813
1649549614000,0.98691364,37.7837162
1649553218000,0.98691355,37.6918318
1649556829000,0.98691362,37.6026614
1649560423000,0.98691353,37.5335327
1649564025000,0.98691353,37.4541859
1649567629000,0.98691348,37.3771817
1649571239000,0.98691346,37.2834207
1649574831000,0.98691327,36.6887092
1649579949000,0.98691356,37.5390114
1649583552000,0.98691367,37.8417387
1649587162000,0.98691378,38.0729323
1649590756000,0.98691374,38.1178932
1649594359000,0.98691374,38.1069308
1649597962000,0.9869139,38.3626687
1649601572000,0.9869139,38.4736856
1649605166000,0.9869139,38.4974836
1649608769000,0.98691386,38.4101072
1649612372000,0.9869138,38.2058604
1649615982000,0.98691379,38.1961041
1649619576000,0.98691378,38.1103887
1649623178000,0.98691381,38.2055635
1649626782000,0.98691386,38.273871
1649630392000,0.98691379,38.1857507
1649633986000,0.98691369,37.8770897
1649637588000,0.98691367,37.9209232
1649641192000,0.98691366,37.8935283
1649644802000,0.9869137,37.8522426
1649648396000,0.98691362,37.8240991
1649651998000,0.98691359,37.6534779
1649655602000,0.98691352,37.4705576
1649659212000,0.98691349,37.3213325
1649662804000,0.98691359,37.6750963
1649666404000,0.98691356,37.7214126
1649671956000,0.98691369,37.9406659
1649675559000,0.98691381,38.2640343
1649679169000,0.9869138,38.2879031
1649682763000,0.98691386,38.3622883
1649686366000,0.98691391,38.5343337
1649689969000,0.98691399,38.6523309
1649693579000,0.98691396,38.6129987
1649697173000,0.98691395,38.565188
1649700776000,0.98691392,38.4898264
1649704379000,0.98691372,37.9602577
1649707989000,0.98691386,38.355989
1649711583000,0.98691396,38.5636148
1649715185000,0.98691391,38.3679273
1649718789000,0.98691378,38.0807335
1649722399000,0.98691362,37.7070023
1649725993000,0.98691352,37.3667474
1649729595000,0.98691338,37.090362
1649733199000,0.98691338,36.9937641
1649736809000,0.98691343,37.1525948
1649740403000,0.98691346,37.212197
1649744005000,0.98691351,37.3480571
1649747609000,0.98691364,37.6642917
1649751219000,0.98691377,37.9625141
1649758642000,0.98691381,38.2626135
1649762245000,0.98691393,38.4603982
1649765855000,0.98691394,38.491552
1649769449000,0.98691396,38.6750786
1649773052000,0.986914,38.7403078
1649776655000,0.98691403,38.6843886
1649780265000,0.98691396,38.6625389
1649783859000,0.98691403,38.7141871
1649787461000,0.98691389,38.4580675
1649791065000,0.98691372,37.9749725
1649794675000,0.9869138,38.0791621
1649798269000,0.98691377,38.0368281
1649801871000,0.98691375,37.9821794
1649805475000,0.98691374,37.9651323
1649809085000,0.98691371,37.8047317
1649812679000,0.98691358,37.5651373
1649816281000,0.98691352,37.362246
1649819885000,0.98691345,37.1859224
1649823495000,0.98691335,36.9961635
1649827089000,0.9869133,36.7983011
1649830691000,0.98691346,37.0886416
1649834295000,0.9869136,37.4561464
1649837905000,0.98691356,37.4546458
1649841497000,0.98691354,37.5257266
1649845097000,0.98691356,37.6413909
1649850078000,0.98691381,38.1329072
1649853681000,0.98691392,38.5369605
1649857291000,0.98691412,38.9066473
1649860885000,0.98691421,39.1389645
1649876943000,0.98691419,39.2131302
1649888600000,0.98691421,undefined
1649888601000,undefined,39.2117012
1649892203000,0.98691422,39.3032774
1649895813000,0.98691418,39.2127531
1649899407000,0.98691417,39.1135201
1649903010000,0.98691411,39.0294489
1649906613000,0.98691406,38.9085196
1649910223000,0.986914,38.770861
1649913817000,0.98691401,38.6543677
1649917419000,0.98691377,38.1738107
1649921023000,0.98691387,38.2873858
1649924633000,0.9869139,38.3460067
1649928227000,0.98691394,38.5055144
1649931829000,0.98691393,38.5051431
1649935433000,0.98691394,38.4781884
1649939043000,0.986914,38.6148055
1649942637000,0.98691411,38.8898379
1649946239000,0.9869141,undefined
1649946240000,undefined,39.0319248
1649949843000,0.98691412,39.0084313
1649953454000,0.98691415,38.9995725
1649957048000,0.98691412,38.987409
1649960650000,0.98691419,39.1812218
1649964254000,0.98691404,38.8973377
1649967864000,0.98691387,38.4868976
1649971456000,0.98691401,38.5608371
1649976799000,0.98691393,undefined
1649976800000,undefined,38.4442659
1649980403000,0.98691384,38.2394924
1649984013000,0.98691375,38.0103326
1649987607000,0.98691371,37.8379861
1649991210000,0.98691354,37.6513051
1649994813000,0.98691351,37.4571968
1649998423000,0.9869134,37.2678878
1650020687000,0.98691379,38.1658538
1650024289000,0.9869137,38.0998776
1650063777000,0.98691365,37.709477
1650067379000,0.98691352,37.4619243
1650070973000,0.9869134,37.1763107
1650074584000,0.98691331,36.8780859
1650078187000,0.98691318,36.6017103
1650081780000,0.98691307,36.338016
1650085383000,0.98691308,36.3126448
1650088994000,0.98691308,36.2472692
1650092597000,0.98691328,36.689161
1650096190000,0.98691326,36.8463382
1650099793000,0.98691348,37.2391374
1650547772000,0.98691371,37.7745532
1650607206000,0.98691329,36.70192
1650610810000,0.98691347,37.1009545
1650614420000,0.98691365,37.6169306
1650618014000,0.9869137,37.8352829
1650621616000,0.98691381,38.1613498
1650625220000,0.98691384,undefined
1650625221000,undefined,38.2042887
1650628830000,0.98691382,38.1112156
1650632424000,0.98691383,38.1581983
1650636026000,0.98691377,37.9369236
1650639630000,0.98691375,37.8593043
1650643240000,0.98691371,37.9071217
1650646834000,0.98691383,38.0743595
1650650436000,0.98691385,38.0688072
1650820241000,0.98691374,38.1342561
1650823844000,0.98691376,38.0359258
1650925685000,0.98691357,37.5327102
1650929288000,0.98691351,37.4082573
1650932898000,0.98691349,37.358039
1650936492000,0.98691349,37.2287839
1650940095000,0.98691342,37.0442081
1650943698000,0.98691329,36.8076831
1650947308000,0.98691324,undefined
1650947309000,undefined,36.5508974
1650950902000,0.98691325,36.5848995
1650954505000,0.98691342,undefined
1650954506000,undefined,37.0571126
1650958108000,0.98691358,undefined
1650958109000,undefined,37.5121434
1650961719000,0.98691368,37.8866263
1650965313000,0.98691374,37.9799282
1650968915000,0.9869138,38.1512207
1650972519000,0.98691381,38.2557801
1650976129000,0.98691382,38.2346144
1650979723000,0.9869139,38.4289478
1650983325000,0.98691395,38.5790758
1650986929000,0.98691395,38.6252332
1650990539000,0.98691391,38.5256301
1650994133000,0.98691388,38.3714513
1650997735000,0.98691386,undefined
1650997736000,undefined,38.428943
1651001339000,0.98691379,38.2575758
1651004949000,0.98691386,38.3210804
1651008541000,0.98691384,38.1974568
1651012141000,0.98691363,37.9056128
1651015741000,0.98691352,37.6136915
1651019341000,0.98691343,37.3445272
1651022941000,0.98691333,37.0998922
1651026541000,0.9869133,36.8788422
1651030141000,0.98691313,36.6188988
1651033741000,0.98691306,36.3838761
1651041171000,0.98691341,37.1442568
1651044774000,0.98691367,37.8414339
1651048384000,0.98691375,undefined
1651048385000,undefined,38.0818611
1651051978000,0.98691379,undefined
1651051979000,undefined,38.1425086
1651055581000,0.98691382,38.2490255
1651059185000,0.98691374,38.1369578
1651062795000,0.98691378,38.1662372
1651066389000,0.98691384,38.3136551
1651069991000,0.98691385,38.5068621
1651073595000,0.9869139,undefined
1651073596000,undefined,38.5409393
1651077205000,0.98691398,38.702021
1651080799000,0.98691407,38.9395917
1651084401000,0.98691401,38.8995102
1651088005000,0.98691398,38.709908
1651091615000,0.98691391,38.5567091
1651095209000,0.98691384,38.3109543
1651098811000,0.9869137,38.1393524
1651102415000,0.98691369,37.9082422
1651106025000,0.9869136,37.6787064
1651109619000,0.98691347,37.4537403
1651113221000,0.98691338,37.1369787
1651116825000,0.98691327,36.8103859
1651120435000,0.98691317,36.517565
1651124027000,0.98691318,36.4259938
1651127627000,0.9869131,36.4068462
1651134331000,0.98691362,37.7726059
1651142202000,0.98691389,38.2643419
1651147116000,0.98691379,38.1320758
1651150980000,0.98691383,38.1766691
1651270423000,0.98691396,38.5699933
1651274029000,0.9869139,38.4475621
1651277635000,0.98691384,38.2377653
1651281242000,0.98691376,38.0094982
1651284848000,0.98691366,37.7906183
1651288455000,0.98691356,37.5902785
1651292061000,0.9869135,37.4013497
1651295667000,0.98691344,37.1885452
1651299274000,0.9869134,37.0496831
1651302880000,0.98691368,undefined
1651302881000,undefined,37.6892143
1651306486000,0.98691372,undefined
1651306487000,undefined,37.9854779
1651310094000,0.98691376,37.9720444
1651313700000,0.98691373,37.9482508
1651317307000,0.98691375,37.9899893
1651320913000,0.98691381,38.0590414
1651324519000,0.9869138,38.2098419
1651328126000,0.98691386,38.3958465
1651331732000,0.98691398,38.6091017
1651335338000,0.98691399,38.6653961
1651338945000,0.98691399,38.6569875
1651360480000,0.98691372,37.9540332
1651364086000,0.98691366,37.7814588
1651367693000,0.98691359,37.5940332
1651371299000,0.98691357,37.4302455
1651374905000,0.9869135,37.263987
1651378512000,0.98691341,37.1235451
1651382118000,0.98691336,undefined
1651382119000,undefined,37.013802
1651385724000,0.98691339,37.0772323
1651389332000,0.98691343,37.0872927
1651392938000,0.98691353,37.3699007
1651396544000,0.9869136,37.4963034
1651400151000,0.98691356,37.6488988
1651403757000,0.98691368,37.8482701
1651407364000,0.98691379,38.0281139
1651410970000,0.98691388,38.3484091
1651414576000,0.98691394,38.5583561
1651418183000,0.98691395,38.5567758
1651421789000,0.98691397,38.6034752
1651425395000,0.98691399,38.6164491
1651429002000,0.98691401,38.6977497
1651432608000,0.98691397,38.5967863
1651436215000,0.98691394,38.4238494
1651439821000,0.98691388,38.382707
1651443287000,0.98691389,undefined
1651443288000,undefined,38.2951918
1651446887000,0.98691377,undefined
1651446888000,undefined,38.1972337
1651450487000,0.9869137,undefined
1651450488000,undefined,37.9923854
1651454087000,0.98691361,undefined
1651454088000,undefined,37.7629914
1651457688000,0.98691354,37.5109422
1651461288000,0.98691343,37.2554978
1651464888000,0.98691333,36.9900039
1651468488000,0.98691324,36.7481589
1651472088000,0.98691344,37.1385583
1651476840000,0.98691365,37.7186314
1651480446000,0.9869137,37.8562241
1651484052000,0.98691377,38.0812585
1651487659000,0.98691391,38.3046497
1651491265000,0.98691398,38.5624079
1651494872000,0.98691407,38.8084613
1651498478000,0.98691413,39.094604
1651502084000,0.9869142,39.2387988
1651505691000,0.98691422,39.3359258
1651509297000,0.98691432,39.4317095
1651512903000,0.98691431,39.52411
1651516510000,0.98691432,39.4839476
1651520116000,0.9869142,39.1945865
1651523724000,0.98691413,39.0657748
1651527330000,0.98691413,38.9793087
1651530936000,0.9869141,38.9923666
1651534543000,0.9869141,38.9598628
1651538149000,0.98691403,38.7616962
1651541756000,0.98691397,38.5805731
1651545362000,0.98691389,38.4074038
1651548968000,0.98691385,38.2688461
1651552575000,0.9869138,38.1025773
1651556181000,0.98691377,38.0073293
1651559647000,0.98691388,38.2811552
1651563247000,0.98691403,38.7618509
1651566847000,0.98691412,38.9167775
1651570447000,0.9869141,38.963692
1651577829000,0.98691414,39.0825936
1651581435000,0.98691425,39.3314951
1651585042000,0.98691428,39.329094
1651588648000,0.98691431,39.5497816
1651592254000,0.98691442,39.7444106
1651595862000,0.98691437,39.7497439
1651599468000,0.98691441,39.6947305
1651603074000,0.98691429,39.4897323
1651606681000,0.98691403,38.731901
1651610287000,0.98691408,38.8267782
1651613894000,0.98691401,38.721166
1651617500000,0.98691393,38.5011602
1651621106000,0.98691385,38.2795773
1651624713000,0.98691382,38.1890484
1651628319000,0.98691373,38.0001908
1651631925000,0.98691363,37.756089
1651635532000,0.98691357,37.4927791
1651639138000,0.98691347,37.2608251
1651642744000,0.98691349,37.2892086
1651646351000,0.98691374,37.7649536
1651649957000,0.98691389,38.2319175
1651653564000,0.98691393,38.4694065
1651657170000,0.98691393,38.5805756
1651660637000,0.98691397,38.6181084
1651664237000,0.98691402,38.7565202
1651667837000,0.98691412,39.045364
1651671437000,0.98691415,39.2038895
1651675037000,0.98691404,39.0265192
1651678637000,0.98691422,39.3284992
1651682237000,0.98691425,39.4383842
1651685837000,0.98691417,39.2674665
1651689437000,0.98691407,39.0047528
1651693037000,0.98691413,39.0476919
1651696637000,0.98691412,39.2779715
1651700237000,0.98691424,39.3690292
1651707981000,0.98691408,38.976154
1651711587000,0.986914,38.8163413
1651715193000,0.98691396,38.5606111
1651718800000,0.98691387,38.2832497
1651722406000,0.98691376,37.9917896
1651726013000,0.98691367,37.7644996
1651729619000,0.98691364,37.7443763
1651733225000,0.98691369,37.8780712
1651736832000,0.98691394,38.486751
1651740438000,0.98691404,38.7879006
1651744044000,0.98691406,38.8802222
1651747652000,0.98691412,39.0096302
1651751257000,0.98691419,undefined
1651751258000,undefined,39.1810742
1651754865000,0.98691426,39.4177424
1651758471000,0.98691421,39.2762512
1651762077000,0.98691421,39.2673198
1651765684000,0.98691416,39.1585563
1651769290000,0.98691421,39.2226591
1651772896000,0.98691432,39.5151055
1651789604000,0.98691267,35.3258025
1651793210000,0.98691249,35.0898772
1651796817000,0.98691248,34.8989217
1651800424000,0.98691238,34.6765155
1651804029000,0.98691237,34.4577863
1651807637000,0.98691224,34.2390552
1651811243000,0.98691218,34.0766951
1651814849000,0.98691225,34.118661
1651818456000,0.98691231,undefined
1651818457000,undefined,34.449532
1651822062000,0.98691244,34.7728193
1651825669000,0.98691245,34.8288888
1651829275000,0.98691256,35.0209017
1651832881000,0.98691268,35.3977124
1651836488000,0.98691274,35.5189358
1651840094000,0.98691277,35.7250561
1651843700000,0.98691286,35.9212661
1651847307000,0.98691293,36.0873089
1651850913000,0.98691297,36.1826398
1651854520000,0.98691297,36.1756584
1651858126000,0.98691296,36.1209377
1651861732000,0.98691299,36.2686568
1651865339000,0.98691311,36.5032259
1651868945000,0.98691312,36.6532745
1651873798000,0.98691295,36.1755818
1651877405000,0.98691295,36.1141769
1651881011000,0.98691289,35.8921466
1651884618000,0.98691281,35.6963093
1651888224000,0.98691276,35.504529
1651891831000,0.98691268,35.3267777
1651895437000,0.9869126,35.162094
1651899043000,0.98691256,35.0172243
1651902650000,0.98691255,34.8343048
1651906256000,0.9869125,34.8324973
1651909862000,0.98691255,35.0279544
1651913469000,0.98691262,35.1349213
1651917075000,0.98691254,35.0002559
1651920682000,0.98691272,35.2982542
1651924288000,0.98691287,35.7593645
1651927894000,0.98691296,36.1367028
1651931501000,0.98691308,36.4291422
1651935107000,0.98691306,36.3655669
1651938713000,0.98691297,36.1873632
1651942320000,0.98691299,35.986726
1651945926000,0.98691297,35.8924514
1651949533000,0.98691285,35.6732693
1651953139000,0.98691287,35.8713558
1651956606000,0.98691295,35.9257047
1651960206000,0.98691288,35.8541645
1651963806000,0.98691288,35.8153582
1651967406000,0.98691271,35.5622517
1651971006000,0.98691267,35.3655144
1651974606000,0.98691258,35.1650216
1651978206000,0.98691255,34.997787
1651981806000,0.98691244,34.8223642
1651988612000,0.98691221,34.0280566
1651992218000,0.98691234,34.3745444
1651995824000,0.98691254,undefined
1651995825000,undefined,34.9893047
1651999432000,0.98691256,34.9577745
1652003038000,0.9869125,34.8223669
1652006645000,0.98691247,34.8125278
1652010251000,0.98691256,34.932558
1652013857000,0.98691262,35.0949186
1652017464000,0.98691271,35.2788954
1652021070000,0.98691273,35.4636973
1652024676000,0.98691274,35.5377063
1652028283000,0.98691284,35.706295
1652031889000,0.9869129,35.8806615
1652035496000,0.98691298,36.1043465
1652039102000,0.98691288,35.8413349
1652042708000,0.98691287,35.8217423
1652046315000,0.98691286,35.7854096
1652049921000,0.98691279,35.6240246
1652053527000,0.98691273,35.4095779
1652057134000,0.98691266,35.1748551
1652060740000,0.98691257,34.9657375
1652064348000,0.98691247,34.7337937
1652067953000,0.9869124,34.505528
1652071420000,0.98691232,34.1946934
1652076816000,0.98691225,33.9963803
1652080422000,0.98691257,34.7492606
1652084028000,0.98691261,35.063838
1652087635000,0.98691276,35.5483658
1652091241000,0.98691293,35.9142179
1652094848000,0.98691301,undefined
1652094849000,undefined,36.0338677
1652098455000,0.98691297,36.0371657
1652102061000,0.98691304,36.2401394
1652105668000,0.98691316,36.4706562
1652109274000,0.98691325,36.6405188
1652112880000,0.98691322,36.6559818
1652116487000,0.98691322,36.7025954
1652120093000,0.98691322,36.6217539
1652123700000,0.98691312,36.4234348
1652127306000,0.98691309,36.454815
1652130912000,0.98691308,36.3091952
1652134519000,0.98691308,36.3305112
1652138125000,0.98691313,36.3524269
1652141731000,0.98691312,36.29598
1652145338000,0.98691306,36.178362
1652148944000,0.98691298,36.0275606
1652152551000,0.98691295,35.8705314
1652156157000,0.98691287,35.724986
1652159624000,0.98691259,34.9667054
1652163758000,0.98691256,34.7122485
1652167364000,0.98691254,34.7748528
1652170970000,0.98691271,35.1775639
1652174578000,0.98691293,35.7213106
1652178183000,0.98691308,undefined
1652178184000,undefined,36.307916
1652181791000,0.98691332,36.925902
1652185397000,0.98691346,37.2545287
1652189003000,0.98691355,37.5447146
1652192610000,0.98691367,37.7749354
1652196216000,0.98691374,37.9183017
1652199822000,0.98691371,37.9219099
1652203429000,0.98691368,37.9650656
1652207035000,0.98691367,37.9092197
1652210642000,0.9869136,37.8388041
1652220686000,0.98691364,37.6371959
1652224292000,0.98691351,37.4533654
1652227899000,0.98691342,37.2254739
1652231505000,0.98691338,37.0290438
1652235111000,0.98691332,36.8870268
1652238718000,0.98691324,36.733667
1652242324000,0.98691325,36.5802459
1652245930000,0.98691294,35.9955828
1652249537000,0.98691281,35.5672068
1652253143000,0.98691292,35.6241047
1652256750000,0.98691292,35.7458559
1652312528000,0.98691386,38.3511126
1652316134000,0.98691384,38.3301685
1652319740000,0.98691376,38.1749397
1652323347000,0.98691376,38.1133928
1652326953000,0.98691371,37.9290398
1652330560000,0.98691358,37.6109959
1652334166000,0.98691316,36.4196091
1652337772000,0.98691294,35.9195478
1652341379000,0.98691294,35.8965772
1652344985000,0.986913,36.0079725
1652348591000,0.98691309,36.1475145
1652352198000,0.9869131,36.2647609
1652355804000,0.98691313,36.5190664
1652359411000,0.98691328,36.7789337
1652363017000,0.98691339,37.1141602
1652366623000,0.9869134,37.1491394
1652370230000,0.98691342,37.1543963
1652373836000,0.98691337,37.1664737
1652377443000,0.98691338,undefined
1652377444000,undefined,37.1132591
1652384718000,0.98691327,36.8031043
1652388324000,0.98691321,36.7156553
1652391930000,0.98691328,36.7095776
1652395537000,0.98691293,35.8217395
1652399143000,0.98691269,35.1190915
1652402750000,0.98691245,34.4404501
1652406356000,0.98691223,33.8095586
1652409962000,0.98691206,33.398142
1652413569000,0.98691191,32.9296088
1652417175000,0.98691183,32.7404501
1652422726000,0.98691202,undefined
1652422727000,undefined,33.2952277
1652426333000,0.98691234,34.1825417
1652434242000,0.98691277,35.3955413
1652441114000,0.98691298,35.9531749
1652444720000,0.98691302,36.0704273
1652448326000,0.98691315,36.2448661
1652451933000,0.9869131,36.3957416
1652455539000,0.98691315,36.4757524
1652786190000,0.98691361,37.80308
1652789796000,0.9869137,38.1334993
1652793403000,0.98691378,38.4567913
1652797009000,0.98691384,38.645426
1652800615000,0.98691389,38.83323
1652804222000,0.98691399,39.00092
1652807828000,0.98691405,39.1687624
1652811434000,0.98691396,38.9726905
1652815041000,0.98691387,38.7607906
1652818647000,0.98691388,38.7213893
1652822254000,0.98691388,38.6732028
1652825860000,0.98691374,38.4229416
1652829466000,0.98691367,38.1244905
1652833073000,0.98691357,37.8193684
1652836679000,0.98691349,37.515216
1652840285000,0.98691336,37.2584242
1652843892000,0.98691327,37.0580112
1652847499000,0.98691327,36.8954243
1652851104000,0.98691328,36.9221503
1652854712000,0.98691327,36.9505188
1652858318000,0.98691328,37.0323362
1652861925000,0.98691341,37.261282
1652865531000,0.98691358,37.670744
1652869005000,0.98691374,38.2590777
1652874211000,0.98691398,38.8814185
1652877817000,0.98691412,39.2529028
1652881423000,0.98691424,39.6224329
1652885030000,0.98691432,39.855432
1652888636000,0.98691443,40.0456416
1652892243000,0.98691442,40.1568773
1652895849000,0.98691446,40.1884053
1652899456000,0.98691444,40.1827742
1653040258000,0.98691343,37.2756207
1653046544000,0.98691377,38.3309879
1653050144000,0.98691398,38.8007319
1653053745000,0.98691394,38.9098653
1653057345000,0.98691412,undefined
1653057346000,undefined,39.5065425
1653060947000,0.98691401,39.1941295
1653064547000,0.9869139,38.9141451
1653072120000,0.98691376,38.4946222
1653075720000,0.98691307,36.5548652
1653078553000,0.98691297,36.353852
1653079457000,0.98691314,36.6724218
1653083352000,0.98691342,37.5396867
1653087256000,0.98691354,37.9056136
1653091152000,0.98691356,37.8153113
1653095055000,0.9869135,37.6801308
1653098960000,0.98691348,37.5891547
1653102854000,0.98691339,37.4571167
1653106759000,0.98691332,37.3510537
1653110653000,0.98691287,36.0268814
1653114558000,0.98691277,35.7440522
1653171306000,0.98691327,37.1260955
1653175201000,0.98691327,37.0784247
1653179105000,0.98691319,36.9606509
1653183001000,0.98691311,36.7461308
1653186904000,0.98691308,36.5683829
1653190809000,0.98691303,36.3983691
1653194704000,0.986913,36.2973309
1653198608000,0.98691274,35.4850902
1653202502000,0.98691259,35.2272467
1653252193000,0.98691331,37.3884366
1653256088000,0.98691334,37.3720747
1653259992000,0.98691332,37.2787676
1653263888000,0.98691328,37.2540024
1653267791000,0.98691324,37.0528324
1653271696000,0.98691315,36.8388272
1653275590000,0.9869131,36.649976
1653279495000,0.98691299,36.4097728
1653283389000,0.98691288,35.906713
1653287294000,0.98691279,35.8736815
1653291188000,0.98691291,36.2692565
1653295093000,0.98691314,36.8232158
1653298988000,0.98691313,36.777578
1653302893000,0.98691324,37.0889361
1653306788000,0.98691327,37.2030345
1653310692000,0.98691341,37.4906703
1653314588000,0.98691356,37.8493871
1653318491000,0.98691362,38.0811096
1653322396000,0.98691362,38.0720997
1653326290000,0.98691362,38.0769755
1653330195000,0.9869136,37.9280551
1653334090000,0.98691352,37.8319034
1653337994000,0.98691351,37.8848972
1653340400000,0.98691353,37.8722883
1653344295000,0.98691354,37.9736128
1653348199000,0.98691351,37.9270768
1653352095000,0.9869135,37.8108826
1653355998000,0.98691345,37.6108451
1653359903000,0.9869134,37.526019
1653363798000,0.98691338,37.4227371
1653367702000,0.98691326,36.9156189
1653371596000,0.98691309,36.3836515
1653375501000,0.98691309,36.6092175
1653379395000,0.98691319,36.9058596
1653383300000,0.98691324,37.0202571
1653387195000,0.98691332,37.166848
1653391100000,0.98691342,37.5131862
1653394995000,0.98691345,37.5094341
1653398899000,0.98691342,37.5910989
1653402795000,0.98691347,37.6611332
1653406698000,0.9869135,37.7954204
1653410603000,0.98691352,37.9039624
1653416598000,0.98691322,37.0558348
1653420492000,0.98691345,37.6474717
1653424396000,0.98691345,37.6348586
1653428292000,0.98691333,37.3921895
1653432196000,0.98691341,37.4437551
1653436100000,0.98691336,37.2520502
1653439994000,0.98691325,37.0586114
1653443900000,0.9869132,36.8849922
1653447793000,0.98691315,36.66236
1653451698000,0.98691307,36.4705791
1653455593000,0.98691299,36.2634768
1653459497000,0.98691279,35.7051717
1653463392000,0.98691277,35.7321918
1653476364000,0.98691301,36.4179584
1653480258000,0.98691299,36.3674391
1653484163000,0.98691297,36.5463878
1653488058000,0.98691307,36.6613086
1653491962000,0.9869131,36.8017516
1653495858000,0.98691314,37.0309074
1653499761000,0.98691328,37.1043958
1653503666000,0.98691325,37.1050773
1653507560000,0.9869131,36.6673857
1653511465000,0.98691293,36.2423888
1653515359000,0.98691302,36.508555
1653519264000,0.98691306,36.5984799
1653523158000,0.98691303,36.6413425
1653527063000,0.98691299,36.4587164
1653530958000,0.98691295,36.3527243
1653534862000,0.98691293,36.2509474
1653538758000,0.98691294,36.111255
1653542661000,0.98691284,35.9746395
1653546566000,0.98691275,35.7074232
1653550460000,0.98691294,36.306189
1653554365000,0.98691304,36.4934656
1653558259000,0.98691309,36.6580036
1653562164000,0.98691313,36.7687241
1653566058000,0.98691321,36.8962575
1653569963000,0.98691322,37.0929114
1653573858000,0.98691317,37.0467505
1653577762000,0.98691319,36.9071402
1653581658000,0.98691317,36.9689121
1653591896000,0.98691308,36.6463737
1653595790000,0.98691308,36.4568426
1653599695000,0.98691309,36.55119
1653603590000,0.9869131,36.5902974
1653607494000,0.98691312,36.4650259
1653611390000,0.98691297,36.3595557
1653615293000,0.98691296,36.2452434
1653619198000,0.98691297,36.1409099
1653623092000,0.98691294,36.0482837
1653626997000,0.98691286,35.8214391
1653630891000,0.98691291,35.8844959
1653634796000,0.98691288,36.0230585
1653638690000,0.98691296,36.1974203
1653642595000,0.98691303,36.2979318
1653646490000,0.98691305,36.3840343
1653650394000,0.98691315,36.7457573
1653654290000,0.98691317,36.859851
1653658193000,0.98691326,undefined
1653658194000,undefined,36.9263603
1653662098000,0.98691318,36.7921369
1653665992000,0.98691293,36.0921928
1653669897000,0.98691305,36.4196804
1653673791000,0.98691311,36.5813648
1653677696000,0.98691312,36.6050118
1653681590000,0.98691297,undefined
1653681591000,undefined,36.1959993
1653685495000,0.98691295,36.1987018
1653689390000,0.98691295,undefined
1653689391000,undefined,36.1803883
1653693294000,0.98691297,35.9651885
1653697190000,0.98691286,35.7580858
1653701093000,0.98691272,35.4776584
1653704998000,0.98691267,35.2773177
1653708892000,0.98691255,35.0880105
1653712797000,0.98691253,34.9482433
1653716691000,0.98691253,34.8779138
1653720596000,0.98691252,34.9574777
1653724490000,0.98691255,35.1091014
1653728395000,0.98691267,35.3417965
1653732290000,0.98691272,35.4542347
1653736194000,0.98691279,35.6310832
1653740090000,0.98691282,35.8369736
1653743993000,0.98691287,36.0370918
1653747898000,0.98691287,36.1261137
1653751792000,0.9869129,36.0729694
1653755697000,0.98691293,36.1267176
1653759591000,0.98691293,36.0737198
1653763496000,0.98691298,36.0614867
1653771428000,0.98691274,35.5201422
1653775323000,0.98691272,35.4994222
1653779227000,0.98691267,35.3129662
1653783122000,0.98691261,35.1427326
1653787026000,0.98691258,35.0130228
1653790922000,0.98691253,34.8683749
1653794825000,0.98691245,undefined
1653794826000,undefined,34.715107
1653798730000,0.98691241,34.6076927
1653802624000,0.9869124,34.5763107
1653806529000,0.98691242,34.6742709
1653810423000,0.98691243,34.5064322
1653814328000,0.98691244,34.6813954
1653818222000,0.98691243,34.7729731
1653822127000,0.98691247,34.7898649
1653826022000,0.98691256,34.8791118
1653829926000,0.98691256,35.0588882
1653833822000,0.98691246,34.8136549
1653837725000,0.98691256,35.093341
1653841630000,0.98691263,35.1763624
1653845524000,0.98691258,35.0923658
1653849429000,0.98691249,34.9199426
1653853323000,0.98691247,34.8388055
1653857228000,0.98691249,34.819585
1653861122000,0.98691248,34.749402
1653865027000,0.98691242,34.6615902
1653868922000,0.98691237,34.4628205
1653872826000,0.9869123,34.2646558
1653876722000,0.98691223,34.0990676
1653880625000,0.9869122,33.9462428
1653884530000,0.98691212,33.8023468
1653888424000,0.98691217,33.9846776
1653892329000,0.98691229,34.1330014
1653896223000,0.9869123,34.2822188
1653900128000,0.98691234,34.4284435
1653904022000,0.98691241,34.588775
1653907927000,0.98691247,34.8134335
1653911823000,0.98691255,34.9799937
1653915726000,0.98691261,35.1320744
1653919622000,0.98691272,35.4501806
1653923525000,0.98691277,35.563006
1653927430000,0.98691274,35.4206898
1653931325000,0.98691266,35.4684971
1653935229000,0.98691276,35.5154166
1653939123000,0.98691256,35.0555785
1653943028000,0.98691248,34.6875554
1653945120000,0.98691243,34.7286869
1653949014000,0.98691245,34.7063213
1653952919000,0.98691231,34.4038911
1653956814000,0.98691226,34.140802
1653960718000,0.98691219,33.914718
1653964614000,0.98691209,33.6832322
1653968517000,0.98691204,33.4625438
1653972422000,0.98691195,33.3170009
1653976316000,0.98691206,33.5173426
1653980221000,0.98691219,34.0475764
1653984115000,0.98691218,34.0269282
1653988020000,0.98691231,34.4065955
1653991914000,0.9869124,34.7914394
1653995819000,0.98691263,35.1796609
1653999714000,0.98691263,35.4316418
1654003618000,0.98691283,35.8047767
1654007514000,0.98691281,35.804554
1654011417000,0.98691278,35.8518374
1654015322000,0.9869127,35.6198227
1654019216000,0.98691285,35.9323822
1654023121000,0.98691289,35.9115123
1654027015000,0.98691276,35.8509382
1654030920000,0.98691268,35.5689257
1654034814000,0.98691267,35.5380076
1654038719000,0.98691264,35.4130238
1654042614000,0.98691259,35.2484165
1654046518000,0.98691257,35.1043739
1654050414000,0.98691246,34.9512442
1654054317000,0.98691247,34.8394753
1654058222000,0.98691239,34.7097705
1654062116000,0.98691239,undefined
1654062117000,undefined,34.7220823
1654066021000,0.98691237,34.7691477
1654069915000,0.98691247,34.9815681
1654122088000,0.98691316,37.0926881
1654122663000,0.98691325,37.0520075
1654126557000,0.98691348,37.4476669
1654130462000,0.98691342,37.4574937
1654134357000,0.98691339,37.3506847
1654138261000,0.98691333,37.2285574
1654142157000,0.98691332,37.1274425
1654146060000,0.98691327,36.9514233
1654149965000,0.98691295,36.2166424
1654153859000,0.98691313,36.6308368
1654585404000,0.98691262,35.4197836
1654589205000,0.9869126,35.4735183
1654593007000,0.98691283,35.8231665
1654596815000,0.98691287,undefined
1654596816000,undefined,36.1665778
1654600614000,0.98691297,36.3500246
1654604413000,0.98691308,36.6038905
1654608212000,0.98691318,36.8485115
1654612011000,0.98691323,37.0720488
1654615812000,0.98691325,37.1306708
1654619613000,0.9869132,36.9719155
1654623421000,0.98691327,37.1008685
1654627220000,0.98691324,37.217817
1654631019000,0.98691322,37.1068007
1654634818000,0.98691319,37.0291891
1654637795000,0.98691312,36.9025557
1654641596000,0.9869131,36.7768225
1654645398000,0.98691309,36.7985931
1654649206000,0.98691302,36.5690558
1654653005000,0.98691288,36.2429126
1654656805000,0.98691279,35.9011522
1654660603000,0.98691266,35.6174913
1654664402000,0.98691262,35.4562642
1654668203000,0.98691258,35.3846496
1654672004000,0.98691266,35.4845616
1654675812000,0.98691273,35.5973061
1654679611000,0.98691274,35.757562
1654683410000,0.98691287,35.8895246
1654687209000,0.98691291,36.1562187
1654691009000,0.986913,36.5897746
1654694810000,0.98691317,37.0288102
1654698619000,0.98691329,37.267582
1654702418000,0.98691342,37.6260783
1654706217000,0.98691333,37.4548636
1654710016000,0.98691333,37.4248437
1654713815000,0.98691336,37.5068809
1654717616000,0.98691334,37.5348074
1654721417000,0.98691329,37.3926335
1654725225000,0.98691328,37.2648802
1654729024000,0.98691319,37.1150569
1654732824000,0.98691312,36.8934698
1654736622000,0.98691307,36.6783436
1654740422000,0.98691301,36.4733542
1654744223000,0.98691298,36.3230781
1654748032000,0.98691291,36.216038
1654751831000,0.98691286,36.0955608
1654755631000,0.98691289,36.106522
1654759430000,0.98691284,35.9635285
1654763229000,0.98691288,35.9987376
1654767029000,0.98691287,36.0346143
1654770830000,0.98691289,36.1488572
1654774638000,0.98691305,undefined
1654774639000,undefined,36.5274697
1654778438000,0.98691317,36.9154687
1654782237000,0.98691325,37.2043072
1654786036000,0.98691341,37.5013275
1654789835000,0.98691341,37.7224592
1654793636000,0.9869135,37.8550214
1654797437000,0.98691353,37.9737688
1654801245000,0.98691342,37.6814762
1654805044000,0.98691326,37.2502432
1654816265000,0.98691316,36.9997581
1654820066000,0.98691332,undefined
1654823868000,0.98691317,undefined
1654827676000,0.98691299,undefined
1654831475000,0.98691282,undefined
1654835274000,0.98691271,undefined
1654839073000,0.98691256,undefined
1654842872000,0.98691262,undefined
1654846673000,0.9869127,undefined
1654850475000,0.98691275,undefined
1654854282000,0.98691285,undefined
1654858081000,0.98691298,undefined
1654861880000,0.98691308,undefined
1654865679000,0.98691314,undefined
1654876175000,0.98691345,undefined
1654986868000,0.9869134,undefined
1654986869000,undefined,37.7617895
1654987858000,0.98691332,undefined
1654987859000,undefined,37.330932
1655019343000,0.98691302,36.5445881
1655023144000,0.98691304,36.5559987
1655026945000,0.98691318,36.9843729
1655028651000,0.98691335,37.3375378
1655032452000,0.98691343,37.5060606
1655036253000,0.98691354,38.0160329
1655040062000,0.98691362,38.1307997
1655043861000,0.98691378,38.4513942
1655047660000,0.98691387,38.8222715
1655051459000,0.98691395,39.074325
1655055258000,0.98691386,39.0537562
1655059059000,0.986914,39.0372545
1655062860000,0.98691391,38.9667695
1655066668000,0.98691342,37.5252014
1655070467000,0.98691308,36.5761868
1655074266000,0.98691293,36.0506084
1655078065000,0.98691296,36.2332273
1655081865000,0.98691298,36.2998889
1655085666000,0.98691296,36.2095138
1655089475000,0.98691284,35.9518248
1655093274000,0.98691273,35.5990289
1655097073000,0.98691261,35.2661299
1655100872000,0.98691256,35.2493182
1655104671000,0.98691266,35.3402216
1655108472000,0.98691279,35.6788232
1655112273000,0.98691292,36.1571117
1655116081000,0.98691305,36.4585667
1655119880000,0.98691307,36.5755114
1655123679000,0.98691295,36.1962972
1655127478000,0.98691272,35.63776
1655131278000,0.9869129,36.1209378
1655135079000,0.98691292,36.2656527
1655138880000,0.98691297,36.2365349
1655142688000,0.98691315,36.7886927
1655146487000,0.98691296,36.2607779
1655150286000,0.98691287,35.9897258
1655154085000,0.98691301,36.5378326
1655157885000,0.98691309,36.6511692
1655161686000,0.98691311,36.7021426
1655165495000,0.98691318,36.8133119
1655169294000,0.98691303,36.5852713
1655173093000,0.98691298,36.3648851
1655176892000,0.98691292,36.1563712
1655180691000,0.98691286,35.9826002
1655184492000,0.98691278,35.8522852
1655188293000,0.98691274,35.7071938
1655192101000,0.98691275,35.7187538
1655195900000,0.98691281,35.8618988
1655199699000,0.98691291,36.136996
1655235336000,0.98691296,36.3695375
1655242738000,0.98691322,37.2403312
1655250139000,0.9869131,36.7559588
1655257541000,0.98691282,35.9678061
1655264943000,0.98691252,35.1452021
1655272344000,0.98691229,34.4839828
1655279746000,0.98691237,34.6379344
1655287147000,0.9869126,35.2261984
1655294549000,0.98691294,36.2813383
1655301950000,0.98691326,37.1285695
1655309352000,0.98691363,undefined
1655309353000,undefined,38.1166135
1655316753000,0.98691381,38.671844
1655324155000,0.98691387,38.783462
1655331556000,0.98691361,38.2565246
1655338958000,0.98691341,37.507936
1655346351000,0.98691319,36.875911
1655353752000,0.98691297,36.2998067
1655361153000,0.98691277,35.8353965
1655368554000,0.98691268,35.4752512
1655375955000,0.98691275,35.7609357
1655383356000,0.98691309,36.6715133
1655390757000,0.98691347,37.6589571
1655398158000,0.98691371,38.4016262
1655405559000,0.98691373,38.4793854
1655409511000,0.98691368,38.189352
1655416913000,0.98691345,37.7427274
1655424314000,0.98691344,37.6521307
1655431716000,0.98691313,undefined
1655431717000,undefined,36.9310024
1655439118000,0.98691288,36.1495322
1655446519000,0.98691268,35.5769632
1655453921000,0.98691281,35.9594756
1655461322000,0.98691311,36.7755468
1655468724000,0.98691342,37.5882501
1655476125000,0.9869137,38.3758004
1655568930000,0.98691407,39.390192
1655576332000,0.98691524,42.4928967
1655583734000,0.98691532,42.7430791
1655591135000,0.98691481,41.4392433
1655598537000,0.98691402,39.2579331
1655605938000,0.9869137,38.2515746
1655613340000,0.98691327,37.1228639
1655620741000,0.98691302,36.512839
1655624327000,0.98691286,36.1318218
1655624903000,0.98691302,36.6541709
1655632305000,0.98691308,36.7710445
1655639706000,0.98691371,38.2815977
1655647108000,0.98691407,39.3440307
1655654510000,0.98691432,40.0839172
1655661911000,0.98691383,38.738497
1655669313000,0.98691363,undefined
1655669314000,undefined,38.0715003
1655676714000,0.98691357,37.96386
1655699097000,0.98691348,37.8427859
1655706499000,0.98691349,37.7196095
1655713901000,0.98691292,36.2104094
1655721302000,0.98691298,36.3680392
1655728704000,0.98691317,36.8368029
1655736105000,0.98691327,37.1836681
1655743507000,0.98691326,37.2388358
1655750908000,0.98691316,36.9170399
1655758310000,0.98691294,36.3946853
1655765711000,0.98691319,36.9305566
1655773113000,0.98691292,36.2718069
1655780514000,0.98691271,35.6346812
1655787916000,0.98691247,35.0486745
1655795317000,0.98691237,34.6681094
1655802719000,0.98691249,35.0625612
1655810112000,0.98691275,35.8289419
1655817513000,0.9869129,36.2366021
1655824914000,0.98691328,37.2237507
1655832315000,0.98691337,37.5561933
1655839716000,0.98691342,37.6301304
1655847117000,0.98691338,37.5232438
1655854518000,0.98691325,37.1906395
1655861919000,0.98691333,37.335965
1655869320000,0.98691321,36.9948116
1655889038000,0.98691303,36.6622842
1655896440000,0.98691299,36.5267196
1655903841000,0.98691336,37.508303
1655911243000,0.98691383,38.7827136
1655918645000,0.98691392,39.0648692
1655926046000,0.98691414,39.6987676
1655933448000,0.98691405,39.3762279
1655940849000,0.9869139,39.0126269
1655948251000,0.98691349,37.8920959
1655955652000,0.98691322,36.8883003
1655963054000,0.98691283,35.848685
1655970455000,0.98691279,35.863547
1655977857000,0.98691311,36.7155005
1655985258000,0.98691351,37.9703162
1655992660000,0.98691393,39.1321289
1656000053000,0.98691436,40.3066241
1656007454000,0.9869145,40.528508
1656014855000,0.98691462,40.9689799
1656022256000,0.98691443,40.4940541
1656029657000,0.98691426,39.9620096
1656037058000,0.98691388,38.8840473
1656044459000,0.98691368,38.3355677
1656051860000,0.9869136,37.9748961
1656059261000,0.98691383,38.5683406
1656064788000,0.9869143,40.1220471
1656072190000,0.98691446,40.6780358
1656079591000,0.98691433,40.14374
1656086993000,0.98691444,40.4339301
1656094394000,0.98691454,40.5735475
1656101796000,0.98691468,40.9365491
1656103516000,0.98691444,40.3744128
1656110919000,0.98691443,40.5619097
1656118320000,0.98691407,39.3555116
1656125721000,0.98691391,38.8619011
1656133123000,0.98691369,38.3183782
1656140524000,0.98691356,37.899313
1656147926000,0.98691347,37.5685854
1656192644000,0.98691373,38.561202
1656200046000,0.98691438,40.1634093
1656207448000,0.98691361,38.1509135
1656214849000,0.98691307,36.6209234
1656222251000,0.98691288,35.9675137
1656229652000,0.98691318,36.8259166
1656237054000,0.98691379,38.7041975
1656244455000,0.98691422,39.7903432
1656251857000,0.98691449,undefined
1656251858000,undefined,40.4942036
1656259258000,0.98691481,41.4891584
1656266660000,0.98691499,42.0320836
1656274061000,0.98691496,41.8670995
1656281463000,0.98691473,41.2644966
1656288864000,0.98691534,42.805532
1656296266000,0.98691428,40.0187631
1656303659000,0.98691392,38.999341
1656311060000,0.98691361,38.1886695
1656318461000,0.98691372,38.3272353
1656325862000,0.98691363,38.2948777
1656333263000,0.9869142,39.7596463
1656340664000,0.98691462,41.0337488
1656348065000,0.98691457,40.8237331
1656355466000,0.98691427,39.9123242
1656362867000,0.98691402,39.2842831
1656392248000,0.98691356,undefined
1656392249000,undefined,38.0547581
1656399650000,0.98691289,undefined
1656399651000,undefined,36.3552788
1656407052000,0.98691304,36.4890421
1656414454000,0.98691318,36.848439
1656421856000,0.98691353,37.854945
1656429257000,0.98691394,39.1449605
1656436659000,0.9869141,39.4978295
1656444060000,0.9869141,39.5414447
1656451462000,0.98691426,39.8136957
1656458863000,0.98691356,38.1015206
1656466265000,0.98691338,37.4501336
1656473666000,0.98691306,36.680818
1656481068000,0.98691285,36.0575051
1656488469000,0.98691285,35.91587
1656495871000,0.98691314,36.8734357
1656503263000,0.98691358,undefined
1656503264000,undefined,37.980146
1656510665000,0.9869139,38.9648856
1656518065000,0.98691403,undefined
1656518066000,undefined,39.2544083
1656525466000,0.98691421,undefined
1656525467000,undefined,39.7699306
1656532867000,0.98691427,undefined
1656532868000,undefined,39.9328182
1656540268000,0.98691383,undefined
1656540269000,undefined,38.6930914
1656547669000,0.98691341,undefined
1656547670000,undefined,37.460343
1656555071000,0.98691345,37.5849471
1656562471000,0.98691326,undefined
1656562472000,undefined,37.058389
1656623676000,0.9869131,36.6042652
1656631078000,0.98691424,40.1197906
1656638479000,0.98691447,40.5743023
1656645881000,0.98691409,39.4994047
1656653283000,0.98691391,38.9622696
1656660684000,0.98691366,38.3271574
1656668086000,0.98691324,37.1937911
1656675488000,0.98691323,37.0159738
1656682889000,0.98691303,36.610115
1656690290000,0.9869132,37.0179305
1656697692000,0.98691326,37.0851834
1656705093000,0.98691336,37.3831826
1656712495000,0.98691319,36.9658372
1656719896000,0.98691274,35.8899693
1656727298000,0.98691278,35.7358694
1656734691000,0.98691252,35.0736706
1656742092000,0.98691226,34.3909038
1656749493000,0.98691231,34.5608417
1656756894000,0.98691267,35.5175138
1656764295000,0.986913,36.602907
1656771696000,0.98691338,37.6220264
1656779097000,0.98691374,38.7451809
1656786498000,0.98691398,39.2340588
1656793899000,0.98691405,39.379912
1656824353000,0.98691376,38.6197536
1656831755000,0.98691284,36.2089024
1656839156000,0.98691319,36.9937547
1656846558000,0.98691365,38.3452477
1656853960000,0.98691415,39.7568703
1656861361000,0.98691455,40.8099128
1656868763000,0.98691475,41.3745399
1656876164000,0.9869148,41.5701449
1656883566000,0.98691443,40.4919576
1656890967000,0.98691366,38.3085408
1656898369000,0.98691372,38.4537901
1656905770000,0.98691357,37.9319615
1656913172000,0.98691326,37.2370319
1656920573000,0.98691293,36.2420079
1656927975000,0.98691322,36.98813
1656935368000,0.98691354,38.053182
1656942769000,0.98691392,38.9672133
1656950170000,0.98691406,39.4168359
1656957571000,0.98691412,39.5834057
1656964972000,0.98691417,39.658836
1656972373000,0.98691398,39.1324272
1656979774000,0.98691345,37.7543622
1656987175000,0.9869134,37.596956
1656994576000,0.98691316,36.9502201
1657049968000,0.98691288,36.1866905
1657057370000,0.98691316,37.1423742
1657064771000,0.98691352,38.0253363
1657072173000,0.98691331,37.4156031
1657079575000,0.98691314,37.0456211
1657086976000,0.98691309,36.6666354
1657110207000,0.98691278,35.9694547
1657117609000,0.9869132,37.3678657
1657124773000,0.98691326,undefined
1657124774000,undefined,37.4602632
1657132176000,0.98691315,37.1654206
1657139577000,0.98691327,37.2837958
1657146979000,0.98691323,37.2258493
1657154381000,0.98691309,36.7901905
1657161782000,0.9869129,36.2820911
1657169184000,0.98691274,35.888764
1657176585000,0.98691271,35.6489391
1657183987000,0.98691265,35.5261437
1657191388000,0.98691278,35.9262948
1657198790000,0.986913,36.5293455
1657206191000,0.98691336,37.5454645
1657213593000,0.98691325,37.2064072
1657220994000,0.98691312,36.9440661
1657228396000,0.98691309,36.8586453
1657235788000,0.98691321,undefined
1657235789000,undefined,37.0848817
1657243190000,0.98691315,36.9877482
1657250590000,0.98691304,undefined
1657250591000,undefined,36.6965084
1657257991000,0.98691294,undefined
1657257992000,undefined,36.4531536
1657265393000,0.98691298,36.4048904
1657272793000,0.98691305,undefined
1657272794000,undefined,36.6824716
1657280194000,0.98691317,undefined
1657280195000,undefined,37.0428479
1657287596000,0.98691337,37.5911041
1657294996000,0.98691345,undefined
1657294997000,undefined,37.8099841
1657347947000,0.98691324,37.2168389
1657355349000,0.98691269,35.8645198
1657362750000,0.98691294,36.4074427
1657370152000,0.98691315,36.9599753
1657377554000,0.9869134,37.7014386
1657384955000,0.98691352,38.010772
1657392357000,0.98691323,37.2224707
1657399758000,0.98691286,36.279162
1657407160000,0.9869132,37.2006255
1657414561000,0.98691322,37.132774
1657421963000,0.98691306,36.8526374
1657429364000,0.98691302,36.5785849
1657436766000,0.98691294,36.4569156
1657444167000,0.98691262,35.5653955
1657451569000,0.98691263,35.6056323
1657458962000,0.98691281,36.0014386
1657489438000,0.98691287,36.2035753
1657496840000,0.98691305,36.8638213
1657504242000,0.98691309,36.9481111
1657511643000,0.98691308,36.7262316
1657519045000,0.98691303,36.5535943
1657526446000,0.98691262,35.4946117
1657531318000,0.98691252,35.1954223
1657538720000,0.98691285,36.1602606
1657579430000,0.98691301,36.6823986
1657586832000,0.98691335,37.3513584
1657594234000,0.9869132,37.2023471
1657601635000,0.98691313,36.8938482
1657609037000,0.98691302,36.6634819
1657616438000,0.98691298,36.4228351
1657623840000,0.98691318,undefined
1657623841000,undefined,37.1781061
1657631241000,0.98691351,undefined
1657631242000,undefined,37.9692608
1657638643000,0.98691378,38.6961626
1657646044000,0.98691395,39.1675599
1657653446000,0.98691444,undefined
1657653447000,undefined,40.5125945
1657660847000,0.98691412,39.6794067
1657668249000,0.98691354,undefined
1657668250000,undefined,38.0561795
1657675650000,0.98691299,undefined
1657675651000,undefined,36.5704061
1657683052000,0.98691289,undefined
1657683053000,undefined,36.1897642
1657690445000,0.98691283,36.1425517
1657697846000,0.98691321,37.1306651
1657705248000,0.98691359,38.1094034
1657712648000,0.9869138,38.7732552
1657720049000,0.98691404,39.4759063
1657727450000,0.98691451,40.6800599
1657734851000,0.98691489,41.8721227
1657742252000,0.98691493,41.8264145
1657748312000,0.98691432,40.2727693
1657755714000,0.98691407,39.5716126
1657763115000,0.98691374,38.5508436
1657770517000,0.98691342,37.8292689
1657777919000,0.98691315,36.9887317
1657785320000,0.98691296,36.410069
1657792722000,0.98691286,36.2407325
1657800123000,0.9869131,36.8505339
1657807525000,0.98691342,37.756237
1657814926000,0.98691343,37.9040329
1657865375000,0.98691345,37.8306998
1657872777000,0.98691312,37.0842714
1657880179000,0.98691325,37.3694397
1657887580000,0.98691347,37.9498934
1657914356000,0.98691331,37.4508093
1657921758000,0.98691308,37.1274384
1657929160000,0.98691316,37.0017831
1657936561000,0.98691305,36.6649083
1657943963000,0.98691295,36.4135989
1657951364000,0.98691295,36.2927518
1657958766000,0.98691278,35.9683339
1657973558000,0.98691306,36.7247301
1657980960000,0.98691351,37.9745198
1658006279000,0.98691356,38.2130628
1658013681000,0.9869129,36.4879051
1658021083000,0.98691308,36.8203656
1658028484000,0.98691303,36.6088411
1658033915000,0.9869129,36.3080632
1658042992000,0.98691255,35.6352045
1658046503000,0.98691251,35.6757267
1658053905000,0.98691248,35.2324988
1658061307000,0.98691285,36.1276899
1658068708000,0.98691303,36.7721723
1658076110000,0.98691345,37.9257222
1658083511000,0.98691355,38.154137
1658090913000,0.98691353,38.0546808
1658098314000,0.98691349,37.9627284
1658105716000,0.98691326,37.2511448
1658113117000,0.98691297,36.4971483
1658120519000,0.98691271,35.7654399
1658127920000,0.98691258,35.566674
1658135322000,0.98691271,35.9338034
1658142723000,0.98691303,36.7990402
1658150125000,0.98691349,37.97992
1658157518000,0.98691401,39.5127662
1658164919000,0.98691408,39.6773792
1658172320000,0.98691431,40.2224752
1658179721000,0.98691451,40.7347008
1658187122000,0.98691408,39.531462
1658194523000,0.9869132,37.2056563
1658201924000,0.98691249,35.2249881
1658209325000,0.98691191,33.692154
1658216726000,0.98691208,34.0881043
1658352241000,0.98691296,36.6339033
1658359643000,0.98691507,42.4519818
1658367044000,0.98691471,41.2385993
1658374446000,0.98691448,40.6922163
1658381848000,0.98691438,40.1956086
1658389249000,0.98691401,39.4068537
1658396651000,0.98691378,38.7187588
1658404052000,0.9869138,38.7991506
1658411454000,0.98691426,40.0389516
1658418855000,0.98691434,40.4418049
1658426257000,0.98691444,40.6485352
1658433658000,0.98691436,40.4105104
1658441060000,0.9869143,40.319536
1658448461000,0.98691428,40.1001271
1658455863000,0.98691405,39.497456
1658463256000,0.9869139,39.1503662
1658470657000,0.98691367,38.3831554
1658478058000,0.98691293,36.3064911
1658485459000,0.98691316,37.1131045
1658492860000,0.98691325,37.2723119
1658500261000,0.98691329,37.468368
1658507662000,0.98691343,37.7106712
1658515063000,0.98691347,37.9914078
1658522464000,0.98691349,37.8641067
1658696728000,0.98691346,38.0474705
1658704130000,0.98691423,40.3369433
1658711532000,0.98691398,39.4323699
1658718933000,0.98691369,38.7739186
1658726335000,0.98691337,37.6747926
1658733736000,0.9869132,37.2789835
1658741138000,0.98691385,39.0701258
1658748539000,0.98691419,40.0110263
1658755941000,0.98691449,40.8117201
1658763342000,0.9869147,41.5001839
1658770744000,0.98691511,42.5823659
1658778145000,0.98691498,42.2006692
1658785547000,0.98691462,41.2401704
1658792948000,0.98691452,41.0179097
1658800350000,0.98691416,39.9346882
1658807743000,0.98691401,39.4981283
1658815144000,0.98691386,39.0780809
1658822545000,0.98691362,38.4161023
1658829946000,0.98691384,38.9591838
1658837347000,0.98691365,38.4721774
1658844748000,0.98691363,38.4844178
1658852149000,0.98691363,38.4597111
1658859550000,0.98691351,38.1234373
1659357724000,0.98691346,37.9098878
1659474801000,0.98691312,37.1350192
1659482203000,0.98691397,39.6769217
1659489605000,0.98691361,38.5195384
1659497006000,0.98691314,37.0372922
1659515068000,0.98691273,35.9662288
1659522470000,0.98691355,38.3549272
1659529872000,0.98691398,39.3507835
1659561350000,0.98691425,40.2257784
1659568752000,0.98691473,41.7388815
1659576154000,0.98691417,39.7812612
1659583555000,0.98691363,38.3049412
1659590957000,0.98691316,37.0267821
1659598358000,0.98691318,37.1347203
1659605760000,0.98691404,39.5716102
1659613161000,0.98691432,40.4895473
1659620563000,0.98691488,41.7609565
1659627964000,0.98691498,42.2125244
1659635366000,0.9869159,44.8773969
1659642767000,0.98691547,43.597133
1659650169000,0.98691503,42.4260011
1659657570000,0.98691459,41.0876464
1659664972000,0.98691429,40.2378672
1659672365000,0.98691418,39.9500715
1659679766000,0.98691406,39.6746788
1659687167000,0.98691336,37.7712401
1659694568000,0.9869142,39.9873056
1659701969000,0.98691288,36.466513
1659709370000,0.98691356,38.1575932
1659716771000,0.98691363,38.6142619
1659724172000,0.98691333,37.561525
1659731573000,0.9869131,37.0587586
1663398245000,0.98691234,34.9880952
1663400791000,0.9869123,34.9668462
1663408193000,0.98691223,undefined
1663408194000,undefined,34.9192598
1663415595000,0.98691237,undefined
1663415596000,undefined,35.2046464
1663422996000,0.98691249,undefined
1663422998000,undefined,35.5557131
1663430399000,0.98691234,35.1625333
1663437799000,0.98691226,undefined
1663437800000,undefined,35.0256245
1663445202000,0.98691227,34.9632426
1663452602000,0.9869121,undefined
1663452603000,undefined,34.5545297
1663460004000,0.98691218,undefined
1663460005000,undefined,34.7448889
1663467406000,0.986912,34.2641894
1663474808000,0.98691184,33.9637162
1663482208000,0.9869118,undefined
1663482209000,undefined,33.7112856
1663489611000,0.98691188,33.9041986
1663497012000,0.98691194,34.1395178
1663504414000,0.98691216,34.7451938
1663511806000,0.98691233,undefined
1663511807000,undefined,34.9490654
1663519207000,0.98691206,undefined
1663519208000,undefined,34.5040899
1663526608000,0.98691196,undefined
1663526609000,undefined,34.1573036
1663534009000,0.98691206,34.4876552
1663541410000,0.98691195,undefined
1663541411000,undefined,34.1756214
1663880709000,0.98691165,33.7771891
1663882332000,0.98691182,34.1034813
1663900633000,0.98691159,33.4844497
1663918934000,0.98691179,33.9657418
1663984957000,0.98691184,34.4158114
1664071658000,0.98691161,33.5447975
1664158359000,0.98691153,33.3904711
1664245060000,0.98691146,33.2507753
1664331761000,0.98691146,33.3467812
1664418462000,0.98691111,32.2745241
1664504564000,0.98691114,32.4885223
1664591265000,0.98691119,32.639394
1664677966000,0.98691116,32.5062412
1664764667000,0.98691122,32.6328678
1664851368000,0.98691131,32.9015124
1664938069000,0.98691151,33.4373063
1665024770000,0.98691162,33.7125554
1665278634000,0.98691126,undefined
1665278635000,undefined,32.7719576
1665365335000,0.98691122,32.6815829
1665452036000,0.98691149,33.4579488
1665538737000,0.98691115,undefined
1665538738000,undefined,32.4978333
1665625773000,0.98691116,32.5358874
1665712474000,0.98691127,32.9569811
1665799175000,0.98691148,33.2821526
1665887720000,0.98691152,33.2640653
1665973051000,0.98691166,33.7289227
1666148793000,undefined,33.7392
1666235494000,0.98691111,32.3862164
1666408896000,0.98691127,32.6781338
1666495597000,0.98691133,32.8431183
1666582298000,0.98691137,33.0592966
1666668999000,0.98691128,32.7155885
1666842154000,0.98691104,32.3865879
1666928855000,0.98691137,33.1873494
1667015556000,0.98691186,34.4269921
1667188958000,0.98691159,33.8264992
1667275659000,0.98691151,33.5197962
1667362360000,0.98691129,32.9921112
1667615430000,0.9869108,undefined
1667615431000,undefined,31.9711182
1667702131000,0.98691117,32.6150741
1667788832000,0.9869113,33.0539602
1667875533000,0.98691136,33.3152573
1667962234000,0.98691135,33.1349531
1668047091000,0.98691138,33.2913797
1668133792000,0.986911,32.2448701
1668220494000,0.98691137,33.1799148
1668307194000,0.98691131,33.2754648
1668393208000,0.98691139,33.5236229
1668479909000,0.9869114,33.3217801
1668566610000,0.98691163,33.9375165
1668653311000,0.98691134,33.2232956
1669083762000,0.98691101,32.274522
1669172496000,0.9869111,undefined
1669172497000,undefined,32.7272122
1669345900000,0.98691087,31.8426924
1669605001000,0.98691085,31.9624843
1669695382000,0.98691088,32.1079509
1669779085000,0.98691099,undefined
1669779086000,undefined,32.5254457
1669864817000,0.98691087,32.0748537
1669950079000,0.98691105,32.5186948
1670034367000,0.98691132,33.430471
1670126236000,0.98691116,33.1552175
1670211824000,0.98691131,33.2880767
1670299736000,0.98691149,33.8162865
1670387003000,0.98691146,33.9113164
1670473704000,0.98691187,34.8233916
1670556608000,0.98691098,32.5771636
1670644419000,0.98691104,32.6812047
1670729064000,0.98691104,32.6467441
1670812905000,0.98691096,32.4374774
1670986307000,0.98691127,33.1317243
1671028922000,0.9869118,34.679948
1671052975000,0.98691177,34.5972283
1671092792000,0.98691168,34.3980903
1671094218000,0.98691182,34.8214348
1671116020000,0.98691188,34.7863112
1671118347000,0.98691193,35.0255373
1671137488000,0.98691186,34.8694827
1671180194000,0.9869119,35.0433974
1671205232000,0.98691195,34.890201
1671322062000,0.98691174,undefined
1671322063000,undefined,34.6430155
1671356182000,0.98691168,34.3637871
1671406792342,0.986911801,undefined
1671406792370,undefined,34.7637154
1671407249365,0.986911799,undefined
1671407249393,undefined,34.7667149
1671408614900,0.986911804,undefined
1671408614930,undefined,34.7800074
1671462488441,0.986911877,undefined
1671462488506,undefined,35.0633608
1671462961289,0.986911829,undefined
1671462961330,undefined,35.1242348
1671466573848,0.986911808,undefined
1671466573889,undefined,35.0893305
1671491907896,0.986911751,undefined
1671491908455,undefined,34.7340618
1671528678747,0.986911776,undefined
1671528679305,undefined,34.7066687
1671559935068,0.986911407,undefined
1671559935613,undefined,33.9387078
1671561696117,0.98691154,undefined
1671561696670,undefined,34.2050302
1671567614384,0.986911795,undefined
1671567614936,undefined,35.0087168
1671611205011,0.986911589,undefined
1671611205683,undefined,34.4004882
1671708090716,0.986911603,undefined
1671708091259,undefined,34.5806362
1671783870737,0.986911109,undefined
1671783871277,undefined,32.8360556
1671880370932,0.98691171,undefined
1671880371474,undefined,34.1753858
1671959819364,0.986911368,undefined
1671959819904,undefined,33.5923
1672996657339,0.986911647,undefined
1672996657879,undefined,34.3830753
1673081901303,0.986911433,undefined
1673081901842,undefined,33.7485049
1673090615093,0.986911562,undefined
1673090615636,undefined,34.1537593
1673169080114,0.98691191,undefined
1673169080655,undefined,34.7606458
1673252886378,0.986911149,undefined
1673252886923,undefined,33.0912637
1673338053061,0.986911175,undefined
1673338053601,undefined,33.1427556
1673481408871,0.986911338,undefined
1673481409411,undefined,33.3626165
1673599117691,0.986911247,undefined
1673599118286,undefined,33.2482173
1673695014769,0.986911554,undefined
1673695015310,undefined,34.0555814
1673719759884,0.9869114,undefined
1673719760425,undefined,33.7755993
1674253363680,0.986911385,undefined
1674253364225,undefined,33.314726
1674576868775,0.986911128,undefined
1674576869320,undefined,32.6667904
1674765335066,0.986911206,undefined
1674765335611,undefined,33.1545415
1675162050741,0.986911172,undefined
1675162051275,undefined,32.8175932
1675414511041,0.986911528,undefined
1675414511583,undefined,33.7241906
1675590216978,0.986911491,undefined
1675590217519,undefined,33.7448317
1675852159093,0.986911286,undefined
1675852159638,undefined,33.3011369
1676188577764,0.986911325,undefined
1676188578308,undefined,33.5321756
1676298356438,0.986911574,undefined
1676298356982,undefined,34.3638608
1676576390218,0.986911632,undefined
1676576390761,undefined,34.3376653
1676920779577,0.98691128,undefined
1676920780120,undefined,33.7423315
1677227401148,0.986911788,undefined
1677227401690,undefined,34.6909095
1677227426398,0.986911788,undefined
1677227426939,undefined,34.6909095
1677529799113,0.986911385,undefined
1677529799659,undefined,33.6360589
1677762652404,0.986911304,undefined
1677762652984,undefined,33.7361155
1677878371306,0.986911535,undefined
1677878371849,undefined,33.7956418
1678007493969,0.986911688,undefined
1678007494512,undefined,34.2067628
1678178163642,0.986911723,undefined
1678178164187,undefined,34.6315312
1678378970382,0.986911715,undefined
1678378970937,undefined,34.67349
1678715675515,0.986911657,undefined
1678715676050,undefined,34.2386577
1678715747066,0.986911657,undefined
1678715747608,undefined,34.2386577
1679044029799,0.986911686,undefined
1679044030340,undefined,34.3770759
1679044057619,0.986911686,undefined
1679044058162,undefined,34.3770759
1679395156782,0.986911715,undefined
1679395157327,undefined,34.5849187
1679594490590,0.986911597,undefined
1679594491131,undefined,34.3494453
1679846441459,0.986911994,undefined
1679846442000,undefined,35.3028125
1680030658920,0.986911632,undefined
1680030659466,undefined,34.4528085
1680206609478,0.986912451,undefined
1680206610017,undefined,36.6591069
1680206636365,0.986912451,undefined
1680206636907,undefined,36.6591069
1680816645979,0.986912648,undefined
1680816646520,undefined,36.9225025
1681062330042,0.986912553,undefined
1681062330582,undefined,36.9393123
1681330944506,0.986912591,undefined
1681330945052,undefined,37.0966425
1681594074385,0.986912257,undefined
1681594074920,undefined,36.2013716
1681594096917,0.986912257,undefined
1681594097502,undefined,36.2013716
1681763374060,0.986912201,undefined
1681763374605,undefined,36.19469
1682197182697,0.986912581,undefined
1682197183239,undefined,37.3476438
1682629184470,0.986912177,undefined
1682629185017,undefined,36.2181873
1682928253052,0.986912383,undefined
1682928253599,undefined,36.87813
1683274491965,0.986912642,undefined
1683274492509,undefined,37.2460954
1683275056717,0.986912632,undefined
1683275057260,undefined,37.2531378
1683363989904,0.986912456,undefined
1683363990446,undefined,36.9832173
1683450537757,0.986912364,undefined
1683450538302,undefined,36.8348886
1683496098405,0.986912436,undefined
1683496098947,undefined,36.9320266
1683535233317,0.986912296,undefined
1683535233863,undefined,36.5252636
1683581354419,0.986912432,undefined
1683581354962,undefined,36.8568159
1683621445296,0.986912307,undefined
1683621445860,undefined,36.5165567
1683666971361,0.986912722,undefined
1683666971901,undefined,37.7463743
1683752217679,0.986912578,undefined
1683752218220,undefined,37.2210144
1683801198393,0.986912541,undefined
1683801198936,undefined,37.1539805
1683835499340,0.986912526,undefined
1683835499882,undefined,37.1184765
1683876334144,0.986912536,undefined
1683876334686,undefined,37.1939913
1683928455349,0.986912749,undefined
1683928455890,undefined,37.763265
1683962069487,0.986912641,undefined
1683962070040,undefined,37.5091785
1684016632245,0.98691282,undefined
1684016632783,undefined,37.989128
1684077887322,0.986912752,undefined
1684077888002,undefined,37.6641048
1684152745676,0.986912673,undefined
1684152746222,undefined,37.494842
1684236828817,0.986912295,undefined
1684236829454,undefined,36.5444038
1684267721702,0.98691272,undefined
1684267722242,undefined,37.5005471
1684330054767,0.986912316,undefined
1684330055313,undefined,36.5553621
1684362500381,0.986912695,undefined
1684362500926,undefined,37.3535776
1684449969232,0.986912559,undefined
1684449969775,undefined,37.2312184
1684533197907,0.986912546,undefined
1684533198450,undefined,37.1168299
1684662481191,0.986912691,undefined
1684662481735,undefined,37.6068342
1684763202995,0.986912277,undefined
1684763203539,undefined,36.4869806
1684863434306,0.986912267,undefined
1684863434849,undefined,36.5828348
1685050046431,0.98691221,undefined
1685050046972,undefined,36.2163839
1685368340275,0.986918612,undefined
1685368340821,undefined,50.1948757
1685450316039,0.986919322,undefined
1685450316584,undefined,52.2815446
1685529658629,0.986919553,undefined
1685529659175,undefined,52.9681419
1685610405911,0.986919761,undefined
1685610406448,undefined,53.813121
1685707419374,0.986919658,undefined
1685707419917,undefined,53.4321806
1685795677449,0.986919533,undefined
1685795677981,undefined,53.2471506
1685880244807,0.986919632,undefined
1685880245351,undefined,53.4985331
1685965645620,0.986919483,undefined
1685965646167,undefined,52.9940344
1686085777337,0.98692051,undefined
1686085777878,undefined,55.6118669
1686217784470,0.98691969,undefined
1686217785013,undefined,53.779861
1686342593517,0.986919562,undefined
1686342594059,undefined,53.2640404
1686427477946,0.986919364,undefined
1686427478492,undefined,52.5386274
1686484447314,0.986918789,undefined
1686484447845,undefined,50.8825242
1686724523590,0.986919517,undefined
1686724524136,undefined,52.9522286
1686993047431,0.986919752,undefined
1686993047973,undefined,53.7567525
1687152164091,0.986919205,undefined
1687152164645,undefined,52.3016597
1687348752268,0.986918906,undefined
1687348752806,undefined,51.0671019
1687672763258,0.986919098,undefined
1687672763801,undefined,52.2355179
1687778928015,0.986918843,undefined
1687778928558,undefined,51.4040425
1687862668092,0.98691953,undefined
1687862668633,undefined,53.6177245
1688471853899,0.98691952,undefined
1688471854444,undefined,53.691059
1689498019798,0.986919713,undefined
1689498020382,undefined,54.2676874
1689518350642,0.986918657,undefined
1689518351222,undefined,51.3262731
1689686551566,0.986919889,undefined
1689686552158,undefined,54.6966052
1689693685822,0.986919225,undefined
1689693686406,undefined,52.8207844
1689796363154,0.986919215,undefined
1689796363738,undefined,52.8977154
1689835523774,0.986919672,undefined
1689835524358,undefined,54.2791831
1689891441791,0.986919071,undefined
1689891442374,undefined,52.5153508
1689922773546,0.986919404,undefined
1689922774130,undefined,53.4477775
1689968629890,0.986919762,undefined
1689968630474,undefined,54.3215932
1690019958582,0.986919185,undefined
1690019959154,undefined,52.9134824
1690101895574,0.986919193,undefined
1690101896158,undefined,53.1218497
1690181093651,0.986919962,undefined
1690181094239,undefined,55.0920336
1690273029251,0.986919286,undefined
1690273029835,undefined,53.4816974
1690319337935,0.986919419,undefined
1690319338519,undefined,53.6381319
1690471555951,0.98691923,undefined
1690471556531,undefined,53.2327996
1690529845302,0.986919247,undefined
1690529845886,undefined,53.2424036
1690609202098,0.986919339,undefined
1690609202678,undefined,53.6951713
1690700573842,0.986919525,undefined
1690700574426,undefined,54.1975795
1690821596802,0.98691938,undefined
1690821597394,undefined,54.0128379
1690894411286,0.986919229,undefined
1690894411870,undefined,53.2429945
1691043989903,0.986919409,undefined
1691043990487,undefined,53.7296347
1691267473251,0.986919437,undefined
1691267473835,undefined,53.8004921
1691351188091,0.986919217,undefined
1691351188663,undefined,53.3432718
1691592067162,0.986919234,undefined
1691592067834,undefined,53.3492174
1691664230352,0.986919156,undefined
1691664230936,undefined,53.2032928
1691739193260,0.986919221,undefined
1691739193844,undefined,53.565167
1691845480874,0.986919048,undefined
1691845481458,undefined,52.7291975
1692108321713,0.986918208,undefined
1692108322301,undefined,50.48819
1692200044141,0.98691853,undefined
1692200044725,undefined,51.5845484
1692292170081,0.986919171,undefined
1692292170666,undefined,53.202461
1692339138589,0.986919314,undefined
1692339139174,undefined,53.691802
1692633092907,0.986918411,undefined
1692633093495,undefined,51.3371437
1692637602035,0.986918593,undefined
1692637602618,undefined,51.9085229
1692872783205,0.986919367,undefined
1692872783790,undefined,53.6099098
1692957238211,0.986919012,undefined
1692957238903,undefined,52.9094173
1693130088103,0.986918887,undefined
1693130088692,undefined,52.8689502
1693206949688,0.9869193,undefined
1693206950276,undefined,53.8923676
1693314111204,0.986919114,undefined
1693314111787,undefined,53.2935082
1693746646151,0.986918598,undefined
1693746646693,undefined,51.8508071
1693841406765,0.98691819,undefined
1693841407309,undefined,51.0309604
1693935875246,0.986918168,undefined
1693935875785,undefined,50.7836316
1693990225593,0.986918578,undefined
1693990226134,undefined,51.7630594
1694106546614,0.986918232,undefined
1694106547150,undefined,51.1742544
1694160468568,0.986918814,undefined
1694160469111,undefined,52.7398483
1694342926794,0.98691881,undefined
1694342927337,undefined,53.0784226
1694509934213,0.986918957,undefined
1694509934761,undefined,53.3316371
1694627569311,0.986918601,undefined
1694627569853,undefined,52.2300898
1694686362672,0.986918714,undefined
1694686363215,undefined,52.4813996
1694786556733,0.986918942,undefined
1694786557395,undefined,53.0919587
1694861635242,0.986918969,undefined
1694861635784,undefined,53.2163422
1694941123566,0.986918971,undefined
1694941124101,undefined,53.2844159
1695106628459,0.986919122,undefined
1695106629007,undefined,53.6407463
1695245239231,0.986918837,undefined
1695245239773,undefined,53.0241012
1695316306068,0.986918722,undefined
1695316306606,undefined,52.6109572
1695494220405,0.986918849,undefined
1695494220948,undefined,52.8049986
1695571905454,0.986918844,undefined
1695571906032,undefined,52.97929
1695657022548,0.98691878,undefined
1695657023093,undefined,52.7806
1695744219410,0.986918921,undefined
1695744219947,undefined,52.9901816
1695819021172,0.986918904,undefined
1695819021710,undefined,53.0614786
1695980555110,0.986918853,undefined
1695980555651,undefined,52.8634691
1696176215149,0.986919002,undefined
1696176215691,undefined,53.3806503
1696280570519,0.986919233,undefined
1696280571066,undefined,53.9210369
1696356412477,0.986919187,undefined
1696356413017,undefined,53.9071404
1696950828294,0.986918581,undefined
1696950828838,undefined,52.0214126
1697028359906,0.986918653,undefined
1697028360448,undefined,52.3762379
1697211697428,0.986918884,undefined
1697211697961,undefined,52.8127255
1697228049854,0.986918996,undefined
1697228050436,undefined,53.5080313
1697231868857,0.986919517,undefined
1697231869399,undefined,54.9448861
1697264897043,0.986920076,undefined
1697264897584,undefined,56.4950877
1697284994965,0.986919914,undefined
1697284995507,undefined,56.1419175
1697308014956,0.986919621,undefined
1697308015497,undefined,55.3136632
1697321668493,0.986919574,undefined
1697321669035,undefined,55.2428827
1697373948562,0.986919345,undefined
1697373949105,undefined,54.4349848
1697401317091,0.986919153,undefined
1697401317633,undefined,54.1287962
1697449933068,0.986919333,undefined
1697449933613,undefined,54.2932602
1697488869462,0.986919168,undefined
1697488870004,undefined,54.0626611
1697656475537,0.98691903,undefined
1697656476078,undefined,53.7854586
1697896193705,0.986919506,undefined
1697896194250,undefined,54.9139642
1698068660031,0.986919064,undefined
1698068660576,undefined,53.8023453
1698391149512,0.986919104,undefined
1698391150046,undefined,53.8927959
1698615718880,0.986919158,undefined
1698615719421,undefined,54.0929912
1698946764628,0.986919206,undefined
1698946765172,undefined,54.0632703
1699196636724,0.986919008,undefined
1699196637266,undefined,53.4799515
1699292939305,0.986918759,undefined
1699292939850,undefined,53.0205664
1699604778454,0.986918921,undefined
1699604778983,undefined,53.5159822
1699740095762,0.986919334,undefined
1699740096325,undefined,54.4517922
1699979410931,0.986918894,undefined
1699979411476,undefined,53.4990869
1700383922214,0.986919256,undefined
1700383922757,undefined,54.5127431
1700776314551,0.986919504,undefined
1700776315098,undefined,54.6852459
1701689899317,0.986919405,undefined
1701689899863,undefined,54.6137055
1701979879846,0.986917758,undefined
1701979880388,undefined,49.6261622
1702036009312,0.986918002,undefined
1702036009852,undefined,50.2090987
1702158712593,0.986918165,undefined
1702158713136,undefined,50.5477133
1702416532836,0.986917997,undefined
1702416533384,undefined,50.1143723
1702660646672,0.98691785,undefined
1702660647212,undefined,49.9653665
1702907047690,0.986918117,undefined
1702907048237,undefined,50.5076999
1703173860800,0.986917987,undefined
1703173861342,undefined,50.3152369
1703454397500,0.986917833,undefined
1703454398042,undefined,49.7090323
1703925570697,0.986917306,undefined
1703925571320,undefined,48.4936062
1704286740186,0.986917718,undefined
1704286740752,undefined,49.6531803
1704961370837,0.986917264,undefined
1704961371426,undefined,48.5529093
1705395582452,0.986917806,undefined
1705395583030,undefined,49.9875029
1705664978011,0.986917526,undefined
1705664978546,undefined,49.1627238
1706095541343,0.986917907,undefined
1706095541888,undefined,50.1549032
1706374176935,0.986917734,undefined
1706374177478,undefined,49.6079921
1706803129891,0.986918111,undefined
1706803130445,undefined,50.9892972
1707301422489,0.986917818,undefined
1707301423036,undefined,50.1904753
1707332672492,0.986916942,undefined
1707332673036,undefined,47.9234219
1707381530841,0.986918172,undefined
1707381531387,undefined,51.0447665
1707473010720,0.986918095,undefined
1707473011312,undefined,50.8350461
1707582588549,0.986918388,undefined
1707582589123,undefined,51.5067846
1707774912244,0.986918445,undefined
1707774912791,undefined,51.5823004
1707904330305,0.986918145,undefined
1707904330847,undefined,50.6892735
1708082918766,0.986918259,undefined
1708082919307,undefined,51.2535972
1708610027937,0.986918305,undefined
1708610028483,undefined,51.2228924
1709041123478,0.986917953,undefined
1709041124021,undefined,50.3984764
1709419135542,0.986918118,undefined
1709419136085,undefined,50.8309927
1709740101365,0.986917787,undefined
1709740101915,undefined,50.0056741
1710087097792,0.986918306,undefined
1710087098328,undefined,51.4411011
1710265483879,0.986918395,undefined
1710265484425,undefined,51.6759654